age_group,date,J12_J18,NoPCV,pop,A00_A09,A15_A19,A20_A28,A30_49,A50_A64,A65_A69,A70_A74,A75_A79,A80_A89,A90_A99,B00_B09,B15_B19,B20_B24,B25_B34,B35_B49,B50_B64,B65_B83,B85_B89,B90_B94,B95_B98,B99_B99,C00_C97,D00_D09,D10_D36,D37_D48,D50_D53,D55_D59,D60_D64,D65_D69,D70_D77,D80_D89,E00_E07,E10_E14,E15_E16,E20_E35,E40_E46,E50_E64,E65_E68,E70_E90,F00_99,G00_G09,G10_G14,G20_G26,G30_G32,G35_G37,G40_G47,G50_G59,G60_G64,G70_G73,G80_G83,G90_G99,H00_H06,H10_H13,H15_H22,H25_H28,H30_H36,H40_H42,H43_H45,H46_H48,H49_H52,H53_H54,H55_H59,H60_H62,H65_H75,H80_H83,H90_H95,I00_I02,I05_I09,I10_I15,I20_I25,I26_I28,I30_I52,I60_69,I70_I79,I80_I89,I95_I99,J00_J06,J09_J18,J20_J22,J30_J39,J40_J47,J60_J70,J80_J84,J85_J86,J90_J94,J95_J99,K00_K14,K20_K31,K35_K38,K40_K46,K50_K52,K55_K63,K65_K67,K70_K77,K80_K87,K90_K93,L00_L08,L10_L14,L20_L30,L40_L45,L50_L54,L55_L59,L60_L75,L80_L99,M00_M25,M30_M36,M40_M54,M60_M79,M80_M94,M95_M99,N00_N08,N10_N16,N17_N19,N20_N23,N25_N29,N30_N39,N40_N51,N60_N64,N70_N77,N80_N98,N99_N99,O00_99,P00_P04,P05_P08,P10_P15,P20_P29,P35_P39,P50_P61,P70_P74,P75_P78,P80_P83,P90_P96,Q00_Q07,Q10_Q18,Q20_Q28,Q30_Q34,Q35_Q37,Q38_Q45,Q50_Q56,Q60_Q64,Q65_Q79,Q80_Q89,Q90_Q99,R00_R09,R10_R19,R20_R23,R25_R29,R30_R39,R40_R46,R47_R49,R50_R69,R70_R79,R80_R82,R83_R89,R90_R94,R95_R99,S00_S09,S10_S19,S20_S29,S30_S39,S40_S49,S50_S59,S60_S69,S70_S79,S80_S89,S90_S99,T00_T07,T08_T14,T15_T19,T20_T32,T33_T35,T36_T50,T51_T65,T66_T78,T79_T79,T80_T88,T90_T98,V01_X59,X60_X84,X85_Y09,Y10_Y99,Z00_Z13,Z20_Z29,Z30_Z39,Z40_Z54,Z55_Z65,Z70_Z76,Z80_Z99
3-<12mo,1/1/2004,299,2237,7049160.721,514,1,0,193,1,0,0,0,1,0,4,3,10,0,2,15,1,1,0,0,0,16,0,0,0,8,8,26,5,0,5,1,1,0,3,188,2,0,19,0,43,7,0,1,0,1,0,4,3,8,34,0,0,0,0,0,0,0,0,0,0,0,0,3,0,0,0,0,0,2,5,52,6,0,0,0,3,301,25,2,11,18,13,4,5,68,0,9,0,3,5,12,4,12,0,4,7,0,1,0,1,0,0,0,0,0,0,0,1,0,2,3,9,0,0,6,1,0,0,0,0,0,14,7,0,59,18,4,3,9,1,11,49,0,193,10,1,23,0,7,6,24,30,33,0,0,0,0,0,0,5,0,0,0,0,538,0,0,0,0,0,0,0,0,0,0,0,0,0,0,0,0,0,0,0,0,0,119,0,8,21,0,0,0,0,0,0,0
3-<12mo,4/1/2004,365,2071,7026295.045,308,7,0,168,0,0,0,0,5,0,1,1,11,5,3,16,1,1,2,0,1,30,0,0,0,14,5,40,7,2,5,0,4,0,3,217,1,0,19,0,52,6,0,1,0,8,0,2,0,19,43,0,0,0,0,0,0,0,0,0,0,0,0,2,0,0,0,1,5,0,7,34,7,1,1,0,6,366,52,4,20,27,12,1,7,64,0,6,0,2,4,12,2,8,1,6,3,0,0,0,0,0,0,0,0,0,0,0,0,0,1,1,7,0,1,7,0,0,0,0,0,0,24,5,1,62,18,2,0,7,3,8,56,0,217,25,2,27,0,4,12,13,53,28,0,0,0,0,0,0,5,0,0,0,0,436,0,0,0,0,0,0,0,0,0,0,0,0,0,0,0,0,0,0,0,0,0,129,0,3,23,0,0,0,0,0,0,0
3-<12mo,7/1/2004,334,1922,7002307.139,306,4,0,189,2,0,0,0,3,0,2,1,20,2,4,8,1,0,1,0,2,19,0,4,0,6,8,16,1,2,2,1,1,0,2,140,0,0,17,0,59,7,0,0,0,8,1,3,3,17,42,0,0,0,0,0,0,0,0,0,0,0,0,4,0,0,1,0,2,0,4,53,6,1,0,0,4,337,39,5,18,31,9,1,6,68,0,16,0,4,3,8,5,10,2,2,5,0,1,0,0,0,0,0,0,0,0,0,0,0,0,2,8,0,1,3,1,0,0,0,0,0,25,7,0,71,15,2,3,7,0,5,50,0,219,27,3,23,0,3,6,20,46,25,0,1,0,0,0,0,10,0,0,0,0,391,0,0,0,0,0,0,0,0,0,0,0,0,0,0,0,0,0,0,0,0,0,142,0,4,21,0,0,0,0,0,0,0
3-<12mo,10/1/2004,283,1616,6977224.806,262,3,0,165,0,0,0,0,1,0,8,2,10,1,2,9,2,0,0,0,0,19,0,3,1,5,6,14,5,0,4,0,0,1,2,125,0,1,9,0,39,3,0,4,0,4,0,2,2,17,33,0,0,0,0,0,0,0,0,0,0,0,1,3,0,0,0,0,1,0,3,55,4,0,2,0,5,284,23,2,15,20,9,1,7,53,0,10,1,3,6,9,5,8,0,5,2,0,0,0,1,0,0,1,0,2,0,0,0,0,1,1,5,0,1,6,0,0,0,0,0,0,14,6,0,64,19,0,0,10,0,6,46,0,167,22,2,18,0,8,7,12,27,19,0,0,0,0,0,0,9,0,0,0,0,337,0,0,0,0,0,0,0,0,0,0,0,0,0,0,0,0,0,0,0,0,0,101,0,5,21,0,0,0,0,0,0,0
3-<12mo,1/1/2005,243,1740,6951075.849,331,1,0,170,0,0,0,0,0,0,5,0,11,7,0,9,0,0,0,0,2,22,0,3,0,7,6,18,12,2,3,1,1,0,1,156,0,0,15,0,49,3,0,1,0,3,2,2,0,14,33,0,0,0,0,0,0,0,0,0,0,0,0,1,0,0,0,1,1,0,5,51,2,1,0,0,3,245,25,1,16,20,10,3,5,43,0,10,1,4,8,15,4,11,3,2,3,0,0,0,1,0,0,0,0,0,0,0,1,0,3,3,4,0,0,5,0,0,0,0,0,0,19,6,0,41,9,3,2,6,0,9,60,0,197,14,1,24,0,3,14,13,50,25,0,0,0,0,0,0,6,0,0,0,0,298,0,0,0,0,0,0,0,0,0,0,0,0,0,0,0,0,0,0,0,0,0,100,0,7,19,0,0,0,0,0,0,0
3-<12mo,4/1/2005,384,2097,6923888.074,386,3,0,194,1,0,1,0,2,1,1,2,17,3,1,12,2,1,0,0,0,25,0,2,3,14,3,33,7,2,0,0,3,0,6,200,3,0,15,0,63,4,0,0,0,6,4,6,1,26,40,0,0,0,0,0,0,0,0,0,0,0,0,7,0,0,0,0,0,0,5,58,9,0,0,0,5,386,49,0,24,24,12,1,7,66,1,7,0,2,2,13,8,12,0,1,2,0,0,0,1,0,0,0,0,1,0,0,0,0,2,2,7,0,0,5,0,0,0,0,0,0,18,6,0,57,16,3,1,3,2,11,76,0,206,25,2,23,0,7,6,15,41,22,0,0,0,0,0,0,10,0,0,0,0,410,0,0,0,0,0,0,0,0,0,0,0,0,0,0,0,0,0,0,0,0,0,127,0,5,25,0,0,0,0,0,0,0
3-<12mo,7/1/2005,335,1899,6895689.282,408,2,0,188,1,0,0,0,4,0,8,4,7,3,2,11,1,3,0,0,0,25,0,1,1,8,4,26,11,2,5,0,2,1,1,155,0,0,17,0,60,3,0,1,0,10,0,4,2,12,29,0,0,0,0,0,0,0,0,0,0,0,0,2,0,0,0,0,0,1,10,43,8,0,0,1,2,336,36,1,21,37,3,2,9,76,0,3,0,2,2,20,2,14,2,4,4,0,0,0,0,0,0,0,0,0,1,0,0,0,1,3,8,0,2,4,0,0,0,0,0,0,8,5,3,57,9,4,0,4,0,11,53,0,189,29,4,29,0,5,8,13,44,22,0,0,0,0,0,0,7,0,0,0,0,312,0,0,0,0,0,0,0,0,0,0,0,0,0,0,0,0,0,0,0,0,0,128,0,12,32,0,0,0,0,0,0,0
3-<12mo,10/1/2005,222,1494,6866507.279,239,2,0,168,0,0,0,0,1,0,8,2,16,3,4,11,1,0,0,0,1,25,0,3,2,7,5,15,5,1,1,1,2,1,1,103,0,1,21,0,40,2,0,1,0,4,0,0,3,9,29,0,0,0,0,0,0,0,0,0,0,0,0,2,0,0,0,0,2,0,5,45,7,0,0,1,5,223,34,1,11,26,5,1,2,58,2,4,0,1,6,6,8,12,1,4,4,0,0,0,0,0,0,0,0,0,0,0,0,0,0,2,6,0,2,1,0,0,0,0,0,0,17,4,0,50,17,1,1,2,1,15,50,0,182,19,1,31,0,4,12,17,38,17,0,0,0,0,0,0,2,0,0,0,0,223,0,0,0,0,0,0,0,0,0,0,0,0,0,0,0,0,0,0,0,0,0,116,0,6,16,0,0,0,0,0,0,0
3-<12mo,1/1/2006,253,1520,6836369.867,300,3,0,124,1,0,0,0,6,0,6,1,11,0,1,14,3,0,0,0,2,23,0,0,4,4,5,21,5,2,2,0,3,0,2,82,2,0,36,0,41,1,1,1,1,7,2,3,7,5,28,0,0,0,0,0,0,0,0,0,0,0,0,0,0,0,1,1,1,0,6,46,3,0,0,0,2,254,11,0,7,16,7,1,4,37,0,8,1,2,3,12,3,14,1,2,3,0,0,0,0,0,0,0,0,0,0,1,0,0,2,0,3,0,1,3,1,0,0,0,0,0,7,2,0,39,13,4,4,8,0,4,46,0,189,14,3,28,0,4,12,19,39,19,0,0,0,0,0,0,14,0,0,0,0,204,0,0,0,0,0,0,0,0,0,0,0,0,0,0,0,0,0,0,0,0,0,114,0,5,11,0,0,0,0,0,0,0
3-<12mo,4/1/2006,354,1873,6805304.851,363,1,0,140,0,0,0,0,4,0,0,1,12,5,2,11,1,2,0,0,1,31,1,0,3,5,5,20,7,1,5,0,4,0,1,103,3,0,41,0,83,4,0,4,1,11,3,0,2,11,48,0,0,0,0,0,0,0,0,0,0,0,0,1,0,0,0,0,1,3,9,58,6,1,1,0,7,358,43,4,27,26,8,9,8,60,0,13,2,0,3,15,5,12,2,3,6,0,0,0,1,0,0,0,0,0,0,0,0,0,5,1,8,0,0,5,0,0,0,0,0,0,9,4,1,82,21,2,7,7,0,8,58,0,215,22,3,40,0,4,11,17,50,19,2,0,0,0,0,0,3,0,0,0,0,232,0,0,0,0,0,0,0,0,0,0,0,0,0,0,0,0,0,0,0,0,0,142,0,11,22,0,0,0,0,0,0,0
3-<12mo,7/1/2006,328,1735,6773340.035,333,2,0,143,1,0,0,0,3,0,12,2,13,3,4,17,1,2,0,0,0,18,0,1,2,5,1,14,2,3,2,0,1,0,1,102,2,0,44,0,68,4,2,0,0,6,3,1,1,9,35,0,0,0,0,0,0,0,0,0,0,0,0,5,0,0,0,0,0,1,5,47,4,1,3,0,5,330,40,0,16,15,15,3,4,36,0,16,0,2,4,17,1,12,3,3,1,1,0,0,0,0,0,1,1,2,0,0,0,0,3,0,4,0,0,6,0,0,0,0,0,0,10,4,0,84,26,1,7,8,3,8,58,0,216,19,1,26,0,4,8,19,40,16,1,0,0,0,0,0,8,0,0,0,0,247,0,0,0,0,0,0,0,0,0,0,0,0,0,0,0,0,0,0,0,0,0,102,0,6,16,0,0,0,0,0,0,0
3-<12mo,10/1/2006,240,1493,6740503.221,236,3,0,125,0,0,0,0,5,0,8,1,13,1,0,14,1,0,0,0,2,27,0,2,0,4,5,16,4,0,5,0,2,1,1,79,1,0,38,0,41,7,0,1,0,10,2,3,2,11,49,0,0,0,0,0,0,0,0,0,0,0,0,1,0,0,0,0,0,1,4,43,6,1,1,0,4,241,19,1,14,18,9,0,3,27,0,10,1,1,6,12,3,15,1,3,5,0,0,0,0,0,0,0,2,0,0,0,0,0,0,2,5,0,0,4,0,0,0,0,0,0,12,6,0,62,23,4,5,9,1,8,61,0,186,16,2,27,1,2,15,13,45,20,1,0,0,0,0,0,10,0,0,0,0,162,0,0,0,0,0,0,0,0,0,0,0,0,0,0,0,0,0,0,0,0,0,100,0,7,15,0,0,0,0,0,0,0
3-<12mo,1/1/2007,242,1508,6706822.214,226,1,0,113,0,0,0,0,5,2,0,0,4,8,1,13,3,0,0,0,2,29,0,0,1,3,7,19,7,1,2,2,1,0,3,90,0,0,50,0,42,8,0,0,0,2,0,1,0,11,32,0,0,0,0,0,0,0,0,0,0,0,1,1,0,0,0,1,0,1,3,50,3,0,3,1,5,244,28,1,19,23,5,1,3,34,0,8,0,5,6,19,1,14,0,3,2,0,0,0,0,0,0,0,0,0,0,0,0,0,3,0,4,0,0,9,0,0,0,0,0,0,16,6,0,64,23,2,4,11,2,12,63,0,191,19,2,32,0,2,16,28,40,15,0,1,0,0,1,0,6,0,0,0,0,169,0,0,0,0,0,0,0,0,0,0,0,0,0,0,0,0,0,0,0,0,0,92,0,5,11,0,0,0,0,0,0,0
3-<12mo,4/1/2007,287,1535,6672324.818,210,2,0,139,0,0,0,0,3,5,11,1,8,3,0,9,0,1,0,0,2,17,1,4,2,9,3,22,11,2,4,1,5,1,2,100,0,0,32,0,54,3,0,1,0,14,2,3,2,15,39,0,0,0,0,0,0,0,0,0,0,0,0,1,0,0,0,0,1,0,9,53,6,0,1,0,1,290,36,3,17,30,13,2,3,43,1,15,2,2,1,13,3,9,2,0,8,0,0,0,1,0,0,0,0,0,0,0,0,0,1,3,6,0,0,7,0,0,0,0,0,0,10,4,0,82,25,4,1,13,1,4,69,0,207,18,2,16,1,2,10,18,45,14,0,1,0,0,0,0,6,0,0,0,0,173,0,0,0,0,0,0,0,0,0,0,0,0,0,0,0,0,0,0,0,0,0,87,0,5,19,0,0,0,0,0,0,0
3-<12mo,7/1/2007,231,1423,6637038.836,162,2,0,101,0,0,0,0,2,2,13,1,11,4,1,16,4,1,0,0,2,23,0,0,2,7,6,15,8,0,2,0,2,3,3,77,0,0,31,0,48,6,0,3,0,8,2,2,4,9,33,0,0,0,0,0,0,0,0,0,0,0,0,0,0,0,0,0,1,1,10,47,6,0,0,0,1,231,26,2,14,21,11,3,2,26,1,15,0,3,2,15,7,5,2,4,2,0,0,0,0,0,0,0,1,0,0,1,0,0,2,0,8,0,0,4,0,0,0,0,0,0,11,10,0,68,22,4,2,6,2,11,60,0,183,20,2,37,0,4,10,20,39,11,0,0,0,0,0,0,8,0,0,0,0,166,0,0,0,0,0,0,0,0,0,0,0,0,0,0,0,0,0,0,0,0,0,98,0,6,19,0,0,0,0,0,0,0
3-<12mo,10/1/2007,217,1413,6600992.073,202,4,0,113,0,0,0,0,2,2,22,0,7,4,3,10,0,0,0,0,3,22,0,0,4,4,8,13,8,1,5,0,3,0,2,56,1,0,35,0,49,5,0,0,0,5,3,3,3,11,31,1,0,0,0,0,0,0,0,0,0,0,0,1,0,0,0,0,2,1,8,41,4,0,1,0,6,218,12,2,10,16,5,2,0,30,1,6,1,0,8,13,0,8,1,2,1,1,0,0,0,0,0,0,0,0,0,0,0,0,2,1,5,0,0,1,0,0,0,0,0,0,9,9,0,69,20,0,1,6,0,7,61,0,181,20,0,39,0,2,10,12,44,17,1,0,0,0,0,0,7,0,0,0,0,167,0,0,0,0,0,0,0,0,0,0,0,0,0,0,0,0,0,0,0,0,0,107,0,10,21,0,0,0,0,0,0,0
3-<12mo,1/1/2008,202,1397,6564212.331,222,2,0,113,1,0,0,0,5,13,2,1,12,3,3,7,1,0,0,0,3,25,0,3,1,9,3,16,6,3,1,2,2,0,0,81,0,0,48,0,38,5,0,2,0,10,1,4,1,14,27,0,0,0,0,0,0,0,0,0,0,1,0,3,0,1,0,0,0,0,2,31,3,0,2,0,3,203,20,2,6,11,11,1,2,29,0,8,0,0,7,12,3,6,4,2,2,0,0,0,0,0,0,0,0,0,0,0,1,0,2,2,8,0,1,9,0,0,0,0,0,0,15,6,0,50,14,1,4,4,3,9,55,0,191,15,3,30,0,5,9,14,26,14,1,0,0,0,0,0,12,0,0,0,0,154,0,0,0,0,0,0,0,0,0,0,0,0,0,0,0,0,0,0,0,0,0,92,0,6,11,0,0,0,0,0,0,0
3-<12mo,4/1/2008,278,1563,6526727.414,224,1,0,115,0,0,0,0,1,12,1,0,14,3,0,8,0,0,0,0,1,25,0,0,0,7,7,20,7,4,2,1,2,0,1,77,0,0,37,0,47,9,0,0,2,3,1,1,6,15,43,0,0,0,0,0,0,0,0,0,0,0,0,0,0,0,0,0,1,2,9,43,4,1,2,0,2,281,44,4,13,20,2,6,3,31,1,12,0,1,1,12,4,10,0,2,6,0,0,0,1,0,0,0,0,0,0,0,0,0,1,3,2,0,1,4,0,0,0,1,0,0,14,5,1,76,23,3,7,7,2,4,61,1,221,16,4,35,1,3,10,23,39,12,1,0,0,0,0,0,7,0,0,0,0,179,0,0,0,0,0,0,0,0,0,0,0,0,0,0,0,0,0,0,0,0,0,123,0,9,12,0,0,0,0,0,0,0
3-<12mo,7/1/2008,228,1320,6488565.128,157,3,0,90,0,0,0,0,3,0,6,2,12,6,2,10,1,2,0,0,1,20,0,3,1,7,5,10,6,1,5,0,0,1,1,60,1,0,25,0,46,10,0,3,0,9,2,5,5,8,39,0,0,0,0,0,0,0,0,0,0,0,1,2,0,0,1,0,3,1,9,29,4,0,2,0,5,228,30,1,15,28,12,2,0,36,0,11,1,1,2,18,3,5,4,0,3,0,0,0,0,0,0,0,0,0,0,0,1,0,0,1,4,0,0,7,0,0,0,0,0,0,9,8,2,72,23,1,1,6,0,6,53,0,193,12,2,16,0,4,13,14,52,14,0,0,1,0,0,0,5,0,0,0,0,134,0,0,0,0,0,0,0,0,0,0,0,0,0,0,0,0,0,0,0,0,0,108,0,8,14,0,0,0,0,0,0,0
3-<12mo,10/1/2008,198,1217,6449753.274,135,4,0,88,0,0,0,0,2,3,9,0,11,2,4,6,1,0,0,0,1,19,0,2,3,1,5,10,5,2,1,0,3,0,0,36,0,0,22,1,37,6,0,2,0,3,0,2,4,11,35,0,0,0,0,0,0,0,0,0,0,0,0,1,0,0,0,0,3,1,6,44,6,1,0,1,5,199,14,0,9,17,7,1,2,23,1,10,1,1,9,13,1,10,5,4,3,1,0,0,1,0,0,1,0,1,0,0,0,0,2,3,2,0,1,2,0,0,0,0,0,0,8,6,0,65,15,2,2,10,1,7,48,0,194,8,6,25,0,2,11,16,42,14,0,0,0,0,0,0,3,0,0,0,0,116,0,0,0,0,0,0,0,0,0,0,0,0,0,0,0,0,0,0,0,0,0,99,0,8,22,0,0,0,0,0,0,0
3-<12mo,1/1/2009,168,1195,6410319.657,162,2,0,99,0,0,0,0,1,4,5,3,12,1,2,8,1,1,0,0,2,16,1,0,0,2,3,4,2,3,2,1,1,0,2,59,1,0,27,0,33,2,0,1,0,5,1,1,2,10,40,0,0,0,0,0,0,0,0,0,0,0,0,0,0,0,0,0,0,1,9,34,3,0,3,0,3,169,19,2,8,21,9,2,5,23,0,11,0,1,6,12,6,10,4,2,5,0,0,0,0,0,0,1,0,1,0,0,0,0,2,3,5,0,0,7,1,0,0,0,0,0,13,10,0,46,14,3,5,10,1,10,51,0,157,16,5,16,0,1,10,22,26,8,1,0,0,0,0,0,2,0,0,0,0,125,0,0,0,0,0,0,0,0,0,0,0,0,0,0,0,0,0,0,0,0,0,97,0,9,18,0,0,0,0,0,0,0
3-<12mo,4/1/2009,272,1460,6370292.08,138,3,0,108,1,0,0,0,3,6,1,1,5,0,3,11,2,2,0,0,0,14,1,3,5,1,4,15,9,3,2,0,0,1,2,73,2,0,28,0,56,8,0,0,0,8,2,3,1,16,43,1,0,0,0,0,0,0,0,0,0,0,0,3,0,0,0,1,1,1,8,38,6,0,2,1,6,273,46,3,19,21,7,5,5,21,0,14,0,3,4,11,1,15,3,3,2,1,0,0,0,0,0,0,0,0,1,0,0,0,1,2,6,0,0,7,0,0,0,0,0,0,21,6,1,68,19,5,1,11,4,14,80,0,225,18,0,28,0,5,7,24,58,17,0,0,0,0,0,0,5,0,0,0,0,142,0,0,0,0,0,0,0,0,0,0,0,0,0,0,0,0,0,0,0,0,0,120,0,9,16,0,0,0,0,0,0,0
3-<12mo,7/1/2009,235,1294,6329698.348,122,1,0,97,0,0,0,0,5,3,10,0,6,2,2,4,4,0,0,0,1,27,0,2,1,1,1,10,12,3,3,1,0,0,2,60,1,0,26,0,45,3,0,0,0,3,2,2,3,13,37,0,0,0,0,0,0,0,0,0,0,0,0,3,0,0,0,1,3,0,9,43,4,0,0,0,2,264,45,0,16,23,10,2,5,29,0,8,0,4,5,17,4,12,1,3,3,0,0,0,1,0,0,1,1,0,0,1,1,0,1,4,5,0,0,5,0,0,0,0,0,0,10,7,2,73,22,2,6,7,2,11,57,0,191,21,0,26,0,2,13,17,41,14,0,1,0,0,1,0,12,0,0,0,0,128,0,0,0,0,0,0,0,0,0,0,0,0,0,0,0,0,0,0,0,0,0,98,0,9,11,0,0,0,0,0,0,0
3-<12mo,10/1/2009,169,1273,6288566.264,139,2,0,80,1,0,0,0,3,4,3,1,7,6,2,11,0,1,0,0,0,27,1,0,3,7,4,9,4,4,2,0,3,0,1,44,0,0,34,0,26,3,0,2,0,6,2,1,5,10,37,0,0,0,0,0,0,0,0,0,0,0,0,1,0,0,0,0,3,2,4,35,5,0,1,0,5,183,30,1,10,17,3,3,4,27,0,7,1,1,5,17,0,11,1,1,1,0,0,0,0,0,0,0,0,0,0,0,1,0,1,2,6,0,0,9,0,0,0,0,0,0,11,5,2,46,29,3,1,9,1,6,65,0,169,21,2,38,0,2,14,20,22,13,2,0,0,0,1,0,4,0,0,0,0,136,0,0,0,0,0,0,0,0,0,0,0,0,0,0,0,0,0,0,0,0,0,119,0,11,17,0,0,0,0,0,0,0
3-<12mo,1/1/2010,178,1231,6246923.632,154,2,0,103,0,0,0,0,3,11,3,0,8,3,0,15,0,1,0,0,3,16,0,1,0,1,6,11,7,0,2,1,1,0,3,55,1,0,23,0,32,3,0,3,0,2,2,3,3,14,29,0,0,0,0,0,0,0,0,0,0,1,0,1,0,0,0,0,1,2,6,38,3,2,1,0,2,179,17,0,7,15,5,3,3,24,0,5,0,3,3,12,2,15,2,3,4,0,0,0,0,0,0,1,2,0,0,0,0,0,0,1,4,0,0,7,0,0,0,1,0,0,10,1,1,56,15,3,2,8,3,7,64,0,186,21,1,24,0,2,14,18,30,8,2,0,0,0,0,0,2,0,0,0,0,122,0,0,0,0,0,0,0,0,0,0,0,0,0,0,0,0,0,0,0,0,0,104,0,5,10,0,0,0,0,0,0,0
3-<12mo,4/1/2010,226,1313,6204798.256,101,3,0,101,1,0,0,0,6,3,0,0,12,1,4,9,1,0,0,0,1,27,0,0,0,4,3,14,5,4,2,0,0,1,1,48,0,0,28,0,35,4,2,0,0,5,2,3,1,14,36,0,0,0,0,0,0,0,0,0,0,1,0,2,0,0,0,1,3,0,6,34,5,1,1,1,3,230,40,3,20,16,12,5,4,26,1,14,0,3,5,16,4,9,1,3,5,0,0,0,0,1,0,1,0,0,0,0,0,0,0,1,2,0,1,4,0,0,0,0,0,0,13,5,1,64,17,2,2,11,0,5,64,0,214,16,0,35,0,2,15,20,48,11,2,0,0,0,0,0,3,0,0,0,0,135,0,0,0,0,0,0,0,0,0,0,0,0,0,0,0,0,0,0,0,0,0,117,0,16,20,0,0,0,0,0,0,0
3-<12mo,7/1/2010,180,1183,6162217.939,107,0,0,82,2,0,0,0,3,3,8,0,9,3,1,9,0,0,0,0,1,12,0,3,1,3,4,11,4,2,1,0,2,1,1,54,0,0,25,0,31,3,0,3,0,5,0,6,2,8,20,0,0,0,0,0,0,0,0,0,0,0,0,2,0,0,0,0,1,2,6,28,6,0,2,0,6,183,27,2,8,21,10,0,5,20,0,13,1,4,2,13,2,11,2,3,3,0,0,0,0,0,0,1,0,0,0,1,0,0,2,2,10,0,0,2,0,0,0,0,0,0,9,6,0,63,18,6,2,10,1,4,45,0,173,18,1,36,1,7,11,15,47,14,2,0,0,0,0,0,6,0,0,0,0,125,0,0,0,0,0,0,0,0,0,0,0,0,0,0,0,0,0,0,0,0,0,108,0,8,10,0,0,0,0,0,0,0
3-<12mo,10/1/2010,162,1131,6119210.485,99,2,0,109,0,0,0,0,0,3,12,0,12,3,0,8,1,1,0,0,1,17,0,0,3,2,5,9,10,0,4,2,0,0,0,34,0,0,21,1,33,6,0,0,0,7,2,1,1,11,32,0,0,0,0,0,0,0,0,0,0,0,0,1,0,0,0,0,2,2,9,29,1,0,3,0,3,162,23,1,13,24,2,4,4,20,0,11,0,0,3,16,2,5,3,1,2,0,0,0,0,0,0,0,0,1,0,2,1,0,1,1,6,0,0,6,0,0,0,1,0,0,10,3,0,54,15,2,2,8,0,0,56,0,177,14,0,26,0,2,7,20,47,17,0,0,0,0,0,0,10,0,0,0,0,118,0,0,0,0,0,0,0,0,0,0,0,0,0,0,0,0,0,0,0,0,0,102,0,10,7,0,0,0,0,0,0,0
3-<12mo,1/1/2011,160,1150,6075803.698,102,2,0,97,1,0,0,0,2,11,8,0,6,2,6,12,0,0,0,0,0,25,0,1,3,3,4,14,5,3,5,0,2,1,1,49,0,0,27,0,20,4,0,2,0,5,0,7,2,8,28,0,0,0,0,0,0,0,0,0,0,0,0,1,0,0,0,0,3,2,5,39,3,1,1,0,1,160,19,2,4,20,9,4,3,19,0,5,0,4,0,19,1,9,3,0,3,0,0,0,2,0,0,0,0,0,1,0,0,0,1,3,5,0,0,7,0,0,0,0,0,0,12,1,0,52,19,2,4,4,1,3,48,0,172,14,1,21,0,5,11,20,42,12,0,2,0,0,0,0,3,0,0,0,0,112,0,0,0,0,0,0,0,0,0,0,0,0,0,0,0,0,0,0,0,0,0,96,0,14,8,0,0,0,0,0,0,0
3-<12mo,4/1/2011,238,1209,6032025.381,64,1,0,65,1,0,0,0,0,9,5,0,5,4,1,16,0,0,0,0,0,19,0,1,3,1,0,11,9,1,5,1,2,0,1,50,0,0,24,1,34,2,0,1,0,6,0,5,6,14,36,0,0,0,0,0,0,0,0,0,0,0,0,4,0,0,0,0,1,1,6,43,5,0,2,1,3,242,46,3,14,22,5,2,5,34,0,7,1,2,5,10,4,5,0,4,4,0,0,0,0,0,0,0,1,0,0,0,0,0,2,0,6,0,0,2,0,0,0,0,0,0,13,1,0,58,18,5,6,9,0,5,57,0,202,16,2,25,0,4,14,23,58,11,0,0,0,0,0,0,4,0,0,0,0,122,0,0,0,0,0,0,0,0,0,0,0,0,0,0,0,0,0,0,0,0,0,107,0,7,17,0,0,0,0,0,0,0
3-<12mo,7/1/2011,165,1090,5987903.339,61,2,0,74,4,0,0,0,1,1,9,0,5,0,5,7,0,1,0,0,0,13,0,0,2,1,3,4,7,2,0,0,0,0,1,25,0,0,24,0,41,1,0,2,0,5,0,2,3,8,23,0,0,0,0,0,0,0,0,0,0,0,1,3,0,0,0,0,1,1,6,50,5,0,1,0,4,166,31,5,8,13,4,6,1,22,0,4,1,0,2,11,3,10,2,3,0,0,0,0,0,0,0,0,1,0,0,0,0,0,0,1,12,0,0,9,1,0,1,0,0,0,7,4,1,59,14,1,3,10,0,4,43,0,211,19,4,28,0,3,5,18,51,11,0,0,0,0,0,0,3,0,0,0,0,116,0,0,0,0,0,0,0,0,0,0,0,0,0,0,0,0,0,0,0,0,0,108,0,7,9,0,0,0,0,0,0,0
3-<12mo,10/1/2011,174,1069,5943465.375,60,1,1,75,0,0,0,0,3,1,7,2,4,5,0,3,0,1,0,0,0,16,0,0,1,1,3,17,5,3,5,0,0,1,0,39,0,0,26,1,17,4,1,1,2,2,1,5,1,11,18,0,0,0,0,0,0,0,0,0,0,0,0,5,0,0,0,0,0,1,3,42,8,1,2,0,1,177,13,1,7,17,5,0,1,14,0,9,0,6,3,15,3,12,0,4,3,0,0,0,1,0,0,0,0,0,0,0,1,0,1,1,2,0,3,6,0,0,1,0,0,0,5,2,1,51,11,4,3,6,2,1,49,0,179,19,1,29,0,3,8,19,47,5,0,0,0,0,0,0,6,1,0,0,0,107,0,0,0,0,0,0,0,0,0,0,0,0,0,0,0,0,0,0,0,0,0,102,0,10,12,0,0,0,0,0,0,0
3-<12mo,1/1/2012,150,1070,5898739.293,93,0,0,79,2,1,0,0,2,0,8,0,9,4,1,11,2,2,0,0,0,23,0,1,1,3,3,10,1,1,2,0,1,1,1,38,0,0,25,1,9,3,0,0,0,3,0,4,2,13,32,0,0,0,0,0,0,0,0,0,0,0,0,1,0,0,0,0,0,1,3,33,6,1,0,0,1,150,17,0,4,22,13,0,3,21,0,7,1,2,2,17,4,11,3,2,4,0,0,0,0,0,0,1,0,0,0,0,0,0,0,3,7,0,1,7,0,0,0,0,0,0,6,1,0,45,13,3,0,5,1,1,49,0,191,15,2,25,0,4,11,10,36,11,1,0,0,0,0,0,9,0,0,0,1,89,0,0,0,0,0,0,0,0,0,0,0,0,0,0,0,0,0,0,0,0,0,100,0,6,7,0,0,0,0,0,0,0
3-<12mo,4/1/2012,222,1280,5853752.897,94,2,0,77,2,0,0,0,0,2,2,0,10,4,1,9,0,0,0,0,1,21,0,2,6,0,5,12,6,1,6,1,2,0,1,40,0,0,24,0,28,7,0,0,2,9,1,7,0,25,34,0,0,0,0,0,0,0,0,0,0,0,0,0,0,0,0,0,3,0,9,25,2,0,1,0,2,225,48,1,11,20,11,2,6,23,1,5,1,4,5,10,0,9,2,2,5,0,0,0,1,0,0,0,1,0,0,2,0,0,3,2,4,0,1,5,0,0,0,0,0,0,5,3,0,66,24,2,1,13,0,3,61,0,213,36,2,35,0,4,15,16,74,16,0,0,0,0,0,0,5,0,0,0,0,123,0,0,0,0,0,0,0,0,0,0,0,0,0,0,0,0,0,0,0,0,0,92,0,9,13,0,0,0,0,0,0,0
3-<12mo,7/1/2012,176,1230,5808533.989,84,4,0,78,3,0,0,0,2,2,5,1,9,6,1,6,2,0,0,0,1,31,0,1,0,1,3,9,5,1,4,5,3,1,2,47,0,0,18,0,28,2,1,1,0,4,0,5,0,14,30,0,0,0,0,0,0,0,0,0,0,0,0,1,0,0,0,0,1,1,6,39,5,0,0,2,3,185,37,1,8,21,7,0,2,26,0,7,0,2,5,14,3,12,1,3,4,0,0,0,0,0,0,0,2,0,0,2,0,0,1,1,4,0,1,4,0,0,1,0,0,0,11,5,0,44,22,2,1,8,1,2,65,0,197,12,3,35,0,3,18,20,64,13,0,0,0,0,0,0,1,0,0,0,0,119,0,0,0,0,0,0,0,0,0,0,0,0,0,0,0,0,0,0,0,0,0,126,0,9,9,0,0,0,0,0,0,0
3-<12mo,10/1/2012,119,1046,5763110.375,69,0,0,89,1,0,0,0,4,0,6,1,5,1,0,5,2,0,0,0,3,20,0,0,1,0,3,8,7,0,3,0,1,0,2,30,0,0,25,2,19,4,1,0,0,5,1,3,0,9,20,0,0,0,0,0,0,0,0,0,0,0,0,3,0,0,0,0,2,1,5,47,6,0,0,0,4,121,22,3,8,13,8,2,5,24,0,6,0,2,2,13,1,7,0,4,4,0,0,0,0,0,0,0,1,0,0,1,0,0,1,0,1,0,2,6,1,0,0,0,0,0,6,1,0,55,13,1,3,8,0,0,44,0,180,16,0,29,0,4,15,17,47,12,0,0,0,0,0,0,5,0,0,0,0,109,0,0,0,0,0,0,0,0,0,0,0,0,0,0,0,0,0,0,0,0,0,107,0,7,8,0,0,0,0,0,0,0
3-<12mo,1/1/2013,186,1080,5717509.858,93,2,0,86,0,0,0,0,3,5,1,0,3,4,2,8,1,1,0,0,0,27,0,1,0,0,1,8,5,4,1,0,1,0,2,36,0,0,22,1,11,3,0,0,0,4,0,4,2,12,23,0,0,0,0,0,0,0,0,0,0,0,0,2,0,0,2,0,1,0,4,37,0,0,0,0,0,189,22,0,8,22,4,2,3,21,0,5,0,2,4,16,3,4,1,4,2,0,0,0,1,0,0,0,1,0,0,0,0,0,1,2,1,0,0,11,0,0,0,0,0,0,11,1,0,49,16,1,1,10,0,1,43,0,188,28,2,36,0,5,10,15,41,5,0,0,1,0,0,0,5,0,0,0,0,103,0,0,0,0,0,0,0,0,0,0,0,0,0,0,0,0,0,0,0,0,0,101,0,7,10,0,0,0,0,0,0,0
3-<12mo,4/1/2013,228,1304,5671760.242,78,3,0,73,4,0,0,0,1,4,4,1,11,4,1,11,0,1,0,0,1,15,0,0,0,1,2,6,4,6,1,0,0,1,2,37,1,0,29,0,20,7,2,1,0,5,0,5,4,13,31,0,0,0,0,0,0,0,0,0,0,0,0,2,0,0,0,0,0,3,3,39,6,0,1,0,2,236,43,1,8,29,7,6,4,27,0,6,0,4,1,18,1,5,1,3,0,0,0,0,1,0,0,0,0,0,0,0,0,0,0,2,6,0,0,3,0,0,0,0,0,0,19,2,3,67,15,1,2,10,2,3,60,0,221,25,4,38,0,5,14,23,59,19,0,0,0,0,0,0,6,0,0,0,0,149,0,0,0,0,0,0,0,0,0,0,0,0,0,0,0,0,0,0,0,0,0,115,0,9,26,0,0,0,0,0,0,0
3-<12mo,7/1/2013,161,1178,5625889.33,87,2,0,95,1,0,0,0,1,1,4,2,13,1,3,11,1,0,0,0,1,14,0,1,1,0,4,9,7,0,2,0,4,0,2,43,0,0,24,0,22,5,0,0,0,5,1,2,3,12,30,0,0,0,0,0,0,0,0,0,0,0,0,0,0,0,0,0,0,0,5,39,5,1,2,0,2,165,27,1,5,19,8,2,3,24,0,6,1,3,5,13,2,14,1,1,3,0,0,0,0,0,0,2,1,0,0,1,0,0,2,0,4,0,0,9,0,0,0,0,0,0,13,3,2,54,24,4,0,12,0,5,50,0,178,17,1,36,0,3,13,24,43,7,2,0,0,0,0,0,4,0,0,0,0,118,0,0,0,0,0,0,0,0,0,0,0,0,0,0,0,0,0,0,0,0,0,105,0,15,20,0,0,0,0,0,0,0
3-<12mo,10/1/2013,158,1176,5579924.926,57,4,0,83,2,0,0,0,4,3,8,0,6,0,1,7,0,0,0,0,1,22,0,1,2,0,8,4,4,3,4,0,1,0,2,39,0,0,37,0,18,2,0,0,0,10,1,6,3,5,21,0,0,0,0,0,0,0,0,0,0,0,0,1,0,0,0,0,1,5,3,35,3,0,1,0,2,160,17,4,13,20,3,0,1,17,0,6,0,2,6,7,2,11,3,3,1,0,0,0,0,0,0,0,0,0,0,0,0,0,1,3,7,0,0,15,0,0,0,0,0,0,17,4,0,48,15,2,1,10,1,5,40,0,205,16,0,32,0,2,16,14,50,11,0,0,1,0,0,0,3,0,0,0,0,152,0,0,0,0,0,0,0,0,0,0,0,0,0,0,0,0,0,0,0,0,0,109,0,12,22,0,0,0,0,0,0,0
3-<12mo,1/1/2014,137,1065,5533894.834,90,2,0,80,0,0,0,0,1,2,2,1,8,2,1,5,0,0,0,0,0,14,0,1,2,0,8,7,9,4,1,0,1,0,3,37,1,0,34,0,15,2,0,1,0,3,1,4,2,6,45,0,0,0,0,0,0,0,0,0,0,1,0,0,0,0,0,0,1,0,3,40,5,0,1,0,3,138,6,1,6,14,4,2,1,19,0,6,0,2,2,16,4,18,1,1,2,0,0,0,0,0,0,1,0,1,0,0,0,0,1,0,7,0,0,4,0,0,0,0,0,0,12,1,0,43,21,5,3,11,0,5,36,0,189,18,1,27,0,3,11,15,42,9,0,0,0,0,0,0,5,0,0,0,0,73,0,0,0,0,0,0,0,0,0,0,0,0,0,0,0,0,0,0,0,0,0,93,0,10,8,0,0,0,0,0,0,0
3-<12mo,4/1/2014,205,1180,5487826.857,67,2,0,67,1,0,0,0,4,4,2,1,2,5,3,3,0,0,0,0,1,18,0,2,1,0,5,8,5,1,2,0,0,2,0,47,0,0,17,0,29,3,0,0,0,5,0,2,3,10,39,0,0,0,0,0,0,0,0,0,0,0,0,1,0,0,0,0,0,1,9,43,6,0,0,0,6,208,40,4,8,24,12,2,1,25,0,7,0,2,1,9,2,10,2,1,1,0,1,0,1,0,0,0,0,0,0,0,0,0,1,3,3,0,1,6,1,0,0,0,0,0,12,3,0,59,15,1,1,15,0,7,63,0,234,22,2,38,0,4,16,14,59,10,0,0,0,0,0,0,4,0,0,0,0,88,0,0,0,0,0,0,0,0,0,0,0,0,0,0,0,0,0,0,0,0,0,107,0,9,11,0,0,0,0,0,0,0
3-<12mo,7/1/2014,199,1169,5441748.8,83,7,0,78,1,0,0,0,1,1,1,0,4,3,2,5,0,0,0,0,0,22,0,1,3,0,4,8,4,2,3,0,2,3,1,43,0,0,25,0,25,3,1,0,0,11,1,7,3,12,24,0,0,0,0,0,0,0,0,0,0,0,0,0,0,0,0,0,1,0,7,39,6,0,2,0,1,202,24,5,11,17,7,0,1,21,0,5,0,1,2,12,3,15,2,4,3,0,0,0,0,0,0,0,0,0,0,1,0,0,1,0,4,0,0,7,0,0,0,0,0,0,9,1,0,49,16,2,1,5,0,10,66,0,220,17,2,31,1,3,15,18,55,12,1,0,0,0,0,0,3,0,0,0,0,96,0,0,0,0,0,0,0,0,0,0,0,0,0,0,0,0,0,0,0,0,0,102,0,7,13,0,0,0,0,0,0,0
3-<12mo,10/1/2014,139,1150,5395688.466,61,1,0,70,1,0,0,0,3,2,9,1,3,2,0,12,0,0,0,0,2,21,0,1,0,2,7,4,4,1,4,0,2,0,0,28,0,0,28,0,14,5,0,1,0,6,0,6,0,10,37,0,0,0,0,0,0,0,0,0,0,0,0,3,0,0,0,0,2,0,7,34,8,0,1,1,3,142,20,0,4,18,3,1,2,19,0,8,1,2,5,7,2,9,2,4,4,0,0,0,0,0,0,0,0,0,0,3,1,0,3,2,7,0,0,8,0,0,0,0,0,0,15,1,1,62,15,3,0,7,0,6,60,0,185,25,2,35,0,1,19,21,66,6,0,0,0,0,1,0,5,0,0,0,0,99,0,0,0,0,0,0,0,0,0,0,0,0,0,0,0,0,0,0,0,0,0,103,0,10,11,0,0,0,0,0,0,0
3-<24mo,1/1/2004,423,3080,16387247.36,630,6,0,257,1,0,0,0,2,0,7,5,17,1,3,25,3,1,0,0,0,49,0,2,2,11,10,35,8,0,5,1,1,1,4,269,2,0,26,2,61,9,0,1,0,7,0,6,5,18,59,0,0,0,0,0,0,0,0,0,0,0,0,3,0,0,0,0,1,3,7,68,8,0,0,0,6,426,33,2,25,23,14,6,8,92,0,11,1,3,9,17,6,17,0,7,9,0,1,0,1,0,0,0,0,0,0,0,1,0,5,4,13,0,2,6,2,0,0,0,0,0,17,8,0,62,19,4,3,9,2,12,69,0,232,12,1,30,0,9,6,27,39,40,0,0,0,0,0,0,9,0,0,0,0,720,0,0,0,0,0,0,0,0,0,0,0,0,0,0,0,0,0,0,0,0,0,248,1,15,41,0,0,0,0,0,0,0
3-<24mo,4/1/2004,531,2879,16334304.61,383,11,0,248,0,0,0,0,8,0,3,4,13,5,4,23,1,1,3,0,1,63,0,1,3,18,10,54,9,3,5,0,4,0,5,292,1,0,28,1,89,8,0,1,0,12,0,2,0,29,70,0,0,0,0,0,0,0,0,0,0,0,0,2,0,0,0,1,6,0,7,54,11,1,3,0,8,532,57,4,52,39,15,1,10,101,0,6,0,2,5,15,2,15,2,8,5,1,0,0,0,0,0,0,0,0,0,0,0,0,1,2,9,0,1,8,0,0,0,0,0,0,25,5,1,63,20,3,0,7,3,11,73,0,278,29,4,35,0,5,15,20,71,39,0,0,0,0,0,0,9,0,0,0,0,618,0,0,0,0,0,0,0,0,0,0,0,0,0,0,0,0,0,0,0,0,0,244,0,9,43,0,0,0,0,0,0,0
3-<24mo,7/1/2004,499,2671,16278737.72,400,6,0,261,2,0,0,0,5,0,7,3,23,2,4,15,3,1,1,0,2,56,0,5,1,9,10,25,2,4,3,1,4,0,3,196,0,0,21,0,81,8,0,1,0,10,2,5,4,34,61,0,0,0,0,0,0,0,0,0,0,0,0,5,0,0,1,0,2,1,4,77,7,1,1,0,6,502,47,6,31,40,15,1,10,103,0,17,0,4,6,16,7,17,3,4,8,0,1,0,0,0,0,0,0,0,0,1,0,0,1,4,12,0,2,7,1,0,0,0,0,0,26,9,0,72,17,3,3,7,0,6,69,0,263,29,3,29,0,3,7,23,57,33,0,1,0,0,0,0,11,0,0,0,0,526,0,0,0,0,0,0,0,0,0,0,0,0,0,0,0,0,0,0,0,0,0,275,0,16,34,0,0,0,0,0,0,0
3-<24mo,10/1/2004,421,2361,16220610.45,355,4,1,234,0,0,0,0,3,0,17,2,17,3,4,16,8,0,0,0,0,63,0,5,3,7,7,23,12,5,5,0,3,2,2,193,0,1,12,0,64,5,0,4,0,13,1,6,2,21,54,0,0,0,0,0,0,0,0,0,0,0,1,4,0,0,0,1,1,1,5,77,7,0,2,0,5,422,29,2,34,27,13,1,9,75,0,11,3,3,9,12,6,12,0,7,2,0,0,0,2,0,0,1,0,2,0,1,0,0,2,1,6,0,1,8,0,0,0,0,0,0,16,7,0,66,21,0,0,10,0,7,61,0,211,23,2,30,0,9,10,17,40,28,1,0,0,0,0,0,11,0,0,0,0,438,0,0,0,0,0,0,0,0,0,0,0,0,0,0,0,0,0,0,0,0,0,237,1,13,32,0,0,0,0,0,0,0
3-<24mo,1/1/2005,359,2429,16159986.54,423,2,0,225,0,0,0,0,1,0,9,1,14,8,0,14,9,0,0,0,3,54,0,3,3,12,7,25,13,3,3,1,4,0,1,188,0,0,23,1,61,7,0,1,0,6,2,3,1,24,64,0,0,0,0,0,0,0,0,0,0,0,0,2,0,0,0,2,2,0,5,77,7,2,3,0,4,363,31,1,37,24,13,4,8,64,0,12,1,5,9,23,4,17,4,4,5,1,0,0,1,0,0,0,0,0,0,0,1,0,5,3,7,0,0,6,0,0,0,0,0,0,21,6,0,41,10,3,2,6,0,9,77,0,244,16,1,33,0,3,17,18,55,32,0,0,0,0,0,0,10,0,0,0,0,395,0,0,0,0,0,0,0,0,0,0,0,0,0,0,0,0,0,0,0,0,0,237,0,18,31,0,0,0,0,0,0,0
3-<24mo,4/1/2005,533,2870,16096929.75,477,5,0,266,1,0,1,0,6,1,2,4,21,5,1,25,7,1,0,0,1,63,0,3,5,20,10,43,11,4,1,0,4,0,7,251,3,0,26,0,84,7,0,0,0,11,5,7,4,37,64,0,0,0,0,0,0,0,0,0,0,0,0,8,0,0,0,0,0,0,8,86,19,0,1,0,9,538,53,2,38,34,21,2,11,99,1,7,0,3,5,20,8,17,1,1,3,0,0,0,1,0,0,0,1,1,0,0,1,0,4,3,8,0,0,6,0,0,1,0,0,0,19,6,0,60,18,3,1,4,2,13,93,0,262,31,2,31,0,8,8,18,49,32,1,0,1,0,0,0,16,0,0,0,0,520,0,0,0,0,0,0,0,0,0,0,0,0,0,0,0,0,0,0,0,0,0,264,0,11,38,0,0,0,0,0,0,0
3-<24mo,7/1/2005,487,2634,16031503.82,502,3,0,272,1,0,0,0,7,0,14,6,10,6,2,18,5,3,0,0,0,54,0,4,3,9,8,37,14,3,6,0,5,1,1,208,0,1,21,0,88,4,1,2,0,17,1,6,2,22,51,0,0,0,0,0,0,0,0,0,0,0,0,2,0,0,0,0,1,1,12,69,14,0,0,1,5,488,44,3,38,44,4,2,14,101,0,7,2,3,2,24,2,23,2,6,4,1,0,0,0,0,0,0,0,1,1,0,0,0,4,4,11,0,2,5,0,0,0,0,0,0,12,5,3,60,10,4,0,4,0,11,74,0,236,30,4,40,0,5,9,19,58,36,0,0,0,0,0,0,8,0,0,0,0,417,0,0,0,0,0,0,0,0,0,0,0,0,0,0,0,0,0,0,0,0,0,254,0,19,52,0,0,0,0,0,0,0
3-<24mo,10/1/2005,351,2159,15963772.51,325,3,0,218,0,0,0,0,3,0,13,6,17,4,4,18,5,1,0,0,1,69,0,5,4,9,9,22,7,5,3,1,3,1,1,139,0,1,26,0,69,7,0,1,0,6,0,2,4,19,52,0,0,0,0,0,0,0,0,0,0,0,0,2,0,0,0,1,3,1,7,68,10,0,0,1,9,354,38,2,29,32,8,1,4,86,2,6,3,1,8,9,9,13,2,5,6,0,0,0,0,0,0,0,0,0,0,0,1,0,3,2,11,0,3,2,0,0,0,0,0,0,17,5,0,56,19,1,1,2,1,16,69,0,231,26,2,38,0,4,15,23,49,24,0,0,0,0,1,0,2,0,0,0,0,308,0,0,0,0,0,0,0,0,0,0,0,0,0,0,0,0,0,0,0,0,0,215,1,18,36,0,0,0,0,0,0,0
3-<24mo,1/1/2006,356,2241,15893799.57,398,6,0,167,1,0,0,0,9,1,8,1,16,0,1,26,9,0,0,0,3,65,0,1,6,7,10,28,7,4,3,0,5,0,2,111,2,0,57,1,54,2,1,2,1,11,4,3,7,15,52,0,0,0,0,0,0,0,0,0,0,0,0,1,0,0,1,1,1,0,6,67,3,1,0,0,2,357,16,1,25,22,13,3,6,60,0,9,1,2,5,17,4,17,2,4,7,0,0,0,0,0,0,0,0,0,0,2,0,0,7,0,5,0,1,5,1,0,0,0,0,0,8,5,0,43,18,4,4,9,0,4,67,0,241,17,3,32,0,4,13,24,50,26,0,0,0,0,0,0,18,0,0,0,0,305,0,0,0,0,0,0,0,0,0,0,0,0,0,0,0,0,0,0,0,0,0,250,0,13,19,0,0,0,0,0,0,0
3-<24mo,4/1/2006,547,2608,15821648.76,442,3,0,189,0,0,0,0,6,0,2,2,17,5,4,21,5,2,0,0,1,65,1,1,5,7,9,28,12,1,6,0,5,0,1,145,3,0,56,1,111,7,0,4,1,20,5,2,4,31,80,1,0,0,0,0,0,0,0,0,0,0,0,3,0,0,0,0,2,4,11,82,8,3,3,0,9,553,53,4,46,35,15,15,13,81,0,16,3,0,4,20,6,18,2,6,6,0,0,0,1,0,0,1,0,0,0,0,0,0,7,1,11,0,0,10,0,0,0,0,0,0,9,4,1,90,22,2,7,7,0,8,80,0,284,28,3,52,0,4,14,23,62,27,2,0,0,0,0,0,8,0,0,0,0,331,0,0,0,0,0,0,0,0,0,0,0,0,0,0,0,0,0,0,0,0,0,244,0,19,33,0,0,0,0,0,0,0
3-<24mo,7/1/2006,477,2440,15747383.81,405,2,0,196,1,0,0,0,7,1,19,2,21,5,4,31,3,2,1,0,0,52,0,2,3,7,5,28,4,9,2,0,6,0,1,141,2,0,58,0,108,6,2,0,0,15,7,3,1,23,60,0,0,0,0,0,0,0,0,0,0,0,0,6,0,0,0,0,0,1,9,75,12,1,4,0,9,480,47,2,37,26,24,9,7,56,0,18,1,3,9,23,1,18,3,3,1,2,0,0,0,0,0,1,1,2,0,0,1,0,7,0,7,0,0,9,0,0,0,0,0,0,11,4,0,89,27,2,8,8,3,9,86,0,272,23,2,31,0,5,9,21,51,22,2,0,0,0,0,0,10,0,0,0,0,328,0,0,0,0,0,0,0,0,0,0,0,0,0,0,0,0,0,0,0,0,0,216,0,10,27,0,0,0,0,0,0,0
3-<24mo,10/1/2006,369,2137,15671068.48,298,6,0,178,0,0,0,0,10,2,17,4,19,2,0,26,3,0,0,0,2,57,1,3,2,5,9,27,4,3,8,0,4,1,2,110,1,0,51,1,63,10,0,2,1,22,4,3,3,22,65,0,0,0,0,0,0,0,0,0,0,0,0,4,0,0,0,1,1,1,9,61,10,2,1,0,7,370,21,4,23,22,11,3,4,46,0,11,1,1,7,14,4,19,1,4,8,0,0,0,0,0,0,0,2,0,0,0,0,0,2,3,6,0,0,5,1,0,1,0,0,0,12,6,1,69,25,4,6,9,1,12,88,0,232,19,2,33,1,3,17,22,58,30,1,0,0,0,0,0,13,0,0,0,0,230,0,0,0,0,0,0,0,0,0,0,0,0,0,0,0,0,0,0,0,0,0,213,0,11,32,0,0,0,0,0,0,0
3-<24mo,1/1/2007,345,2167,15592766.53,287,3,0,156,0,0,0,0,8,3,1,1,9,8,2,24,6,1,0,0,2,56,0,1,1,5,14,28,9,2,4,3,2,0,3,125,0,0,56,1,56,10,0,1,0,5,1,4,1,20,50,0,0,0,0,0,0,0,0,0,0,0,1,2,0,0,0,1,0,1,5,73,5,0,4,1,5,349,32,1,38,27,6,4,4,48,0,10,0,7,10,22,3,17,0,3,4,0,0,0,0,0,0,0,0,0,0,0,0,0,5,1,12,0,0,12,0,0,0,0,0,0,16,7,1,70,24,3,5,11,2,12,83,0,247,24,2,36,0,4,17,32,49,25,0,1,0,0,1,0,8,0,0,0,0,247,0,0,0,0,0,0,0,0,0,0,0,0,0,0,0,0,0,0,0,0,0,239,0,17,26,0,0,0,0,0,0,0
3-<24mo,4/1/2007,417,2190,15512541.7,263,4,0,187,0,0,0,0,6,6,11,1,13,4,0,19,8,1,1,0,2,44,1,4,3,11,10,39,14,4,7,1,8,1,2,136,0,0,44,1,84,9,0,2,0,18,2,6,3,26,68,0,0,0,0,0,0,0,0,0,0,0,0,1,0,0,0,0,2,1,14,77,11,0,3,0,3,421,42,3,42,40,17,8,9,56,1,17,2,2,3,17,4,15,5,1,10,0,0,0,1,0,0,0,1,1,0,0,0,0,4,3,11,0,1,8,0,0,0,0,0,0,10,4,0,89,28,4,1,13,1,4,100,0,259,24,2,22,1,2,11,23,59,23,0,1,1,0,1,0,10,0,0,0,0,224,0,0,0,0,0,0,0,0,0,0,0,0,0,0,0,0,0,0,0,0,0,204,0,13,33,0,0,0,0,0,0,0
3-<24mo,7/1/2007,365,2063,15430457.75,221,2,0,133,0,0,0,0,3,2,25,3,17,5,2,29,5,1,0,0,2,53,0,0,3,9,8,21,8,1,3,1,3,4,3,110,0,0,42,0,74,6,0,5,1,18,3,3,6,27,63,0,0,0,0,0,0,0,0,0,0,0,0,0,0,0,0,0,1,1,10,61,15,2,0,1,6,366,31,4,36,30,15,4,4,40,1,15,1,3,3,21,9,9,3,4,4,0,0,0,0,0,0,0,1,0,0,2,0,0,2,0,9,0,0,4,0,0,0,0,0,0,11,10,0,74,23,4,2,6,2,11,81,0,235,24,2,46,0,5,12,29,56,19,0,0,0,0,0,0,11,0,0,0,0,227,0,0,0,0,0,0,0,0,0,0,0,0,0,0,0,0,0,0,0,0,0,221,0,9,38,0,0,0,0,0,0,0
3-<24mo,10/1/2007,332,2057,15346578.42,278,5,0,164,0,0,0,1,4,3,36,0,9,6,3,16,1,0,2,0,3,56,0,0,7,6,14,21,12,3,8,1,4,0,2,83,1,0,49,0,75,8,0,0,0,12,5,4,4,20,52,1,0,0,0,0,0,0,0,0,0,0,0,2,0,0,0,0,4,2,10,58,7,0,1,0,8,335,16,3,22,19,8,7,1,42,1,9,4,0,11,16,1,15,2,2,2,1,0,0,0,0,0,1,0,1,0,2,0,0,3,3,8,0,0,2,0,0,0,0,0,0,10,9,0,74,21,0,2,7,0,7,71,0,234,25,0,47,0,3,12,13,59,24,1,0,0,0,0,0,13,0,0,0,0,227,0,0,0,0,0,0,0,0,0,0,0,0,0,0,0,0,0,0,0,0,0,234,0,13,39,0,0,0,0,0,0,0
3-<24mo,1/1/2008,287,2044,15260967.47,284,3,0,157,1,0,0,0,7,16,5,1,16,3,3,17,4,0,0,0,4,56,0,4,4,12,7,23,8,5,3,2,4,0,3,109,0,0,66,2,58,11,0,2,1,20,3,9,2,23,59,0,0,0,0,0,0,0,0,0,0,1,0,4,0,1,0,0,2,0,5,48,7,0,2,0,8,288,23,4,15,21,16,2,2,43,0,9,0,0,9,16,3,11,6,4,3,0,0,0,0,0,0,0,0,0,0,0,1,0,3,3,12,0,1,12,0,0,0,0,0,0,16,6,0,58,14,3,4,4,3,9,76,0,240,18,3,39,0,7,11,20,35,22,2,0,0,0,0,0,16,0,0,0,0,209,0,0,0,0,0,0,0,0,0,0,0,0,0,0,0,0,0,0,0,0,0,217,0,12,30,0,0,0,0,0,0,0
3-<24mo,4/1/2008,394,2234,15173688.65,288,1,0,167,1,1,0,0,3,16,4,1,20,3,0,18,1,0,0,0,2,58,0,1,1,8,13,34,11,6,3,3,2,0,2,99,1,1,48,2,72,10,0,1,2,11,2,3,8,31,70,0,0,0,0,0,0,0,0,0,0,0,0,3,0,0,0,1,1,3,11,73,6,2,3,0,4,399,46,4,31,26,3,9,5,49,1,17,0,1,4,14,7,14,1,3,7,0,0,0,2,0,0,0,0,0,0,0,0,0,2,3,4,0,1,5,0,0,0,1,0,0,16,5,1,82,25,3,7,7,2,4,87,1,282,20,5,39,1,4,14,31,55,20,1,0,0,0,0,0,12,0,0,0,0,243,0,0,0,0,0,0,0,0,0,0,0,0,0,0,0,0,0,0,0,0,0,238,0,17,28,0,0,0,0,0,0,0
3-<24mo,7/1/2008,330,1921,15084805.71,219,3,0,144,0,0,0,0,5,0,11,3,15,8,3,18,8,3,0,0,1,50,0,3,3,11,11,21,6,4,6,0,1,1,1,83,1,0,38,0,73,13,0,3,0,11,3,10,5,25,61,0,0,0,0,0,0,0,0,0,0,0,1,3,0,0,1,2,6,2,13,47,8,1,2,0,6,331,37,1,22,37,20,5,5,50,0,18,2,2,4,20,5,8,4,3,3,0,0,0,0,0,0,0,0,0,0,0,2,0,1,5,9,0,0,7,0,0,0,0,0,0,11,8,2,78,26,1,1,6,0,6,71,1,240,16,2,23,0,5,14,17,58,20,1,0,1,0,0,0,6,0,0,0,0,195,0,0,0,0,0,0,0,0,0,0,0,0,0,0,0,0,0,0,0,0,0,220,0,13,28,0,0,0,0,0,0,0
3-<24mo,10/1/2008,305,1788,14994382.4,180,7,0,124,0,0,0,0,5,3,21,1,15,2,4,14,4,0,0,0,2,56,0,2,4,3,7,16,5,3,2,0,5,0,0,58,0,0,39,2,55,11,0,5,0,8,0,3,5,18,52,0,0,0,0,0,0,0,0,0,0,0,0,2,0,0,0,0,3,2,6,64,9,1,0,1,10,306,20,0,20,22,14,3,3,40,1,15,2,1,11,18,4,12,5,8,7,1,0,0,1,0,0,1,0,1,0,0,0,0,3,3,4,0,1,5,0,0,0,0,0,0,9,6,0,71,16,2,2,10,1,7,62,0,244,14,6,31,0,2,13,21,52,20,1,0,0,0,0,0,6,0,0,0,0,174,0,0,0,0,0,0,0,0,0,0,0,0,0,0,0,0,0,0,0,0,0,213,0,14,37,0,0,0,0,0,0,0
3-<24mo,1/1/2009,252,1770,14902482.46,228,3,0,138,0,0,0,0,2,6,9,5,15,2,2,16,4,2,0,0,2,50,1,1,2,5,10,8,5,6,2,1,4,0,2,86,1,0,43,0,43,6,0,1,0,8,4,2,2,17,55,0,0,0,0,0,0,0,0,0,0,0,0,0,0,1,0,0,0,2,13,46,5,1,3,0,4,255,22,2,22,24,14,3,9,35,0,12,1,2,8,13,6,14,4,2,8,0,0,0,1,0,0,1,1,2,0,0,0,0,2,4,9,0,0,10,1,0,0,0,0,0,14,10,0,53,16,4,5,11,2,10,64,0,201,18,5,22,0,1,11,24,35,11,2,0,0,0,0,0,8,0,0,0,0,174,0,0,0,0,0,0,0,0,0,0,0,0,0,0,0,0,0,0,0,0,0,228,0,15,34,0,0,0,0,0,0,0
3-<24mo,4/1/2009,394,2047,14809169.66,176,4,0,149,1,0,0,0,4,6,4,2,5,0,5,20,7,3,0,0,0,40,1,3,8,5,8,29,10,7,2,1,0,1,4,94,2,0,38,3,81,9,0,0,0,15,4,5,2,36,60,1,0,0,0,0,0,0,0,0,0,0,0,3,0,0,0,3,2,2,10,60,11,1,2,1,9,396,50,5,38,23,17,9,11,33,0,16,1,3,7,13,1,16,3,4,3,1,0,0,0,0,0,0,0,0,1,0,1,0,2,3,9,0,0,14,0,0,0,0,0,0,23,6,1,74,21,5,1,11,4,14,100,0,280,26,2,29,0,6,9,29,72,30,0,0,0,0,0,0,10,0,0,0,0,191,0,0,0,0,0,0,0,0,0,0,0,0,0,0,0,0,0,0,0,0,0,240,0,13,31,0,0,0,0,0,0,0
3-<24mo,7/1/2009,328,1936,14714507.75,165,2,0,141,0,0,0,0,6,4,15,0,9,3,5,16,10,0,0,0,1,67,0,2,2,2,6,21,16,7,4,1,2,1,4,88,1,0,34,1,60,5,0,1,1,6,4,3,4,31,71,1,0,0,0,0,0,0,0,0,0,0,0,4,0,0,0,1,4,0,11,59,7,0,0,0,4,382,49,0,24,26,15,3,7,39,0,10,1,6,7,23,7,17,1,4,5,0,0,0,2,0,0,1,1,0,0,2,2,0,1,4,10,0,0,7,0,0,0,0,0,0,12,7,2,86,24,2,6,8,3,11,83,0,250,28,1,34,0,2,15,24,58,20,1,1,0,0,1,0,16,0,0,0,0,188,0,0,0,0,0,0,0,0,0,0,0,0,0,0,0,0,0,0,0,0,0,196,0,21,20,0,0,0,0,0,0,0
3-<24mo,10/1/2009,261,1850,14618560.46,222,3,0,121,1,0,0,0,4,4,7,1,12,9,3,20,7,2,0,0,0,58,1,1,3,7,11,19,7,8,5,0,5,0,1,63,0,0,43,0,46,5,0,3,0,13,2,4,5,19,49,0,0,0,0,0,0,0,0,0,0,0,0,1,0,0,0,0,4,2,4,53,8,0,1,0,11,280,31,2,26,20,9,4,6,39,0,11,4,3,7,21,0,19,1,1,3,0,0,0,3,0,0,0,0,1,0,1,1,0,2,4,9,0,1,12,0,0,0,0,0,0,11,5,2,50,31,3,1,9,1,6,82,0,216,21,4,43,1,2,16,24,30,18,2,0,0,0,1,0,6,0,0,0,0,181,0,0,0,0,0,0,0,0,0,0,0,0,0,0,0,0,0,0,0,0,0,218,0,22,36,0,0,0,0,0,0,0
3-<24mo,1/1/2010,278,1855,14521391.56,226,3,0,151,0,0,0,0,3,14,3,0,12,5,1,24,3,1,0,0,3,45,0,1,0,2,11,20,9,3,5,2,5,0,3,80,1,1,40,3,39,5,1,5,0,6,2,6,4,31,56,0,0,0,0,0,0,0,0,0,0,1,0,2,0,0,0,1,1,2,10,63,3,3,2,0,7,283,19,0,17,20,8,5,6,36,0,8,1,4,4,19,4,21,4,3,7,0,0,0,0,0,0,1,2,1,0,1,0,0,2,2,10,0,1,9,0,0,0,1,0,0,10,1,1,59,18,3,3,9,3,8,86,0,235,21,1,26,0,3,15,23,45,14,2,0,0,0,0,0,4,0,0,0,0,167,0,0,0,0,0,0,0,0,0,0,0,0,0,0,0,0,0,0,0,0,0,217,0,18,21,0,0,0,0,0,0,0
3-<24mo,4/1/2010,344,1890,14423064.8,135,6,0,130,1,0,0,0,8,4,4,0,14,4,5,17,6,0,0,0,2,63,0,1,5,10,10,24,6,5,3,0,1,1,1,69,0,1,36,2,56,9,2,1,1,13,3,7,3,26,55,0,0,0,0,0,0,0,0,0,0,1,0,2,0,0,0,3,4,0,8,55,7,1,2,1,6,353,45,3,30,24,18,5,4,38,2,18,1,3,5,23,5,13,2,4,7,0,0,0,0,1,0,1,0,0,0,0,0,0,0,4,3,0,1,5,0,0,0,0,0,0,13,5,1,67,17,2,2,11,0,5,82,0,265,19,0,43,0,4,18,26,59,23,2,0,0,0,0,0,5,0,0,0,0,193,0,0,0,0,0,0,0,0,0,0,0,0,0,0,0,0,0,0,0,0,0,229,0,22,27,0,0,0,0,0,0,0
3-<24mo,7/1/2010,271,1747,14323643.92,145,3,0,127,2,0,0,0,5,6,13,0,11,4,2,14,2,0,0,0,2,36,0,3,3,5,8,16,11,7,2,0,5,1,3,81,0,0,39,1,44,5,0,3,0,11,1,9,3,24,45,0,0,0,0,0,0,0,0,0,0,0,0,2,0,0,0,0,1,2,9,39,12,0,3,0,11,274,30,2,20,29,14,3,8,29,1,15,1,5,3,16,2,13,3,4,3,0,0,0,0,0,0,1,0,0,0,1,1,0,2,2,16,0,0,4,0,0,0,0,0,0,9,6,0,66,19,6,2,10,1,4,62,0,225,22,1,37,1,8,15,20,65,22,2,0,0,0,0,0,9,0,0,0,0,179,0,0,0,0,0,0,0,0,0,0,0,0,0,0,0,0,0,0,0,0,0,229,0,13,21,0,0,0,0,0,0,0
3-<24mo,10/1/2010,233,1669,14223192.68,138,2,0,144,0,0,0,0,1,6,40,0,15,6,0,19,3,1,0,0,2,36,0,1,5,2,9,11,11,3,5,2,1,0,2,57,0,0,33,1,50,8,0,0,0,12,2,3,2,28,53,0,0,0,0,0,0,0,0,0,0,0,0,1,0,0,0,0,2,2,11,58,4,1,5,0,3,233,29,2,24,28,7,4,5,31,0,13,1,0,6,17,4,8,3,2,3,0,0,0,0,0,0,0,0,1,0,2,1,0,1,2,9,0,1,8,1,0,0,1,0,0,10,3,0,60,16,2,2,8,0,0,72,0,222,18,2,33,0,2,7,22,57,24,1,1,0,0,0,0,14,0,0,0,0,176,0,0,0,0,0,0,0,0,0,0,0,0,0,0,0,0,0,0,0,0,0,191,0,17,15,0,0,0,0,0,0,0
3-<24mo,1/1/2011,251,1685,14121774.83,139,3,0,130,1,0,0,0,3,15,10,0,7,2,7,19,2,0,0,0,1,57,0,1,4,3,9,23,7,5,5,0,5,1,1,69,1,0,36,0,30,5,0,2,0,15,0,9,2,22,46,1,0,0,0,0,0,0,0,0,0,0,0,1,0,0,0,1,4,2,6,59,7,1,2,1,5,251,24,4,7,24,11,7,3,30,1,7,0,4,0,22,2,15,3,5,6,0,0,0,2,0,0,1,0,0,1,0,0,0,1,4,5,0,0,11,0,0,0,0,0,0,12,1,0,59,21,2,4,4,1,3,70,0,219,19,1,26,0,5,17,23,53,17,0,2,0,0,0,0,4,0,0,0,0,157,0,0,0,0,0,0,0,0,0,0,0,0,0,0,0,0,0,0,0,0,0,218,0,17,15,0,0,0,0,0,0,0
3-<24mo,4/1/2011,364,1764,14019454.12,100,3,0,100,1,0,0,0,1,12,7,3,8,4,1,23,2,0,0,0,0,64,0,3,4,3,6,22,11,3,6,1,3,0,2,62,1,0,34,2,45,2,0,1,0,12,3,8,7,31,57,0,0,0,0,0,0,0,0,0,0,0,0,4,0,0,0,0,1,1,8,63,8,2,3,1,7,370,57,3,26,24,9,3,8,45,0,8,3,4,5,16,5,10,0,5,6,0,0,0,0,0,0,0,1,0,0,1,0,0,2,2,11,0,0,4,0,0,0,0,0,0,13,1,1,62,18,5,7,9,0,6,83,0,238,20,2,27,0,5,16,29,76,16,0,0,0,0,0,0,8,0,0,0,0,172,0,0,0,0,0,0,0,0,0,0,0,0,0,0,0,0,0,0,0,0,0,220,0,9,28,0,0,0,0,0,0,0
3-<24mo,7/1/2011,252,1588,13916294.3,90,6,0,111,4,0,0,0,4,1,21,1,7,2,5,12,3,1,0,0,0,48,0,1,3,2,9,5,12,4,1,1,2,0,1,36,0,0,35,1,49,5,0,4,0,7,0,5,4,22,44,0,0,0,0,0,0,0,0,0,0,0,1,3,0,0,0,0,1,2,9,63,7,0,1,0,8,255,35,6,18,17,9,7,4,29,0,5,3,1,3,14,4,15,2,4,0,0,0,0,0,0,0,0,1,0,0,0,0,0,0,1,13,0,0,13,1,0,1,0,0,0,7,4,1,59,14,1,3,10,0,4,58,0,256,25,4,42,0,5,5,22,65,16,0,0,0,0,0,0,3,1,0,0,0,162,0,0,0,0,0,0,0,0,0,0,0,0,0,0,0,0,0,0,0,0,0,208,0,15,20,0,0,0,0,0,0,0
3-<24mo,10/1/2011,255,1591,13812359.13,101,2,1,106,0,0,0,0,4,2,24,3,4,6,0,6,1,2,0,0,0,52,0,0,5,1,10,21,7,5,6,0,1,1,0,46,0,0,40,3,28,6,1,1,2,13,1,6,2,21,41,0,0,0,0,0,0,0,0,0,0,0,0,5,0,0,0,0,0,2,3,73,11,2,2,0,2,259,14,2,17,22,9,0,3,25,1,10,3,6,4,16,5,14,2,5,4,0,0,0,1,0,0,0,0,1,0,0,1,0,2,1,6,0,3,10,0,0,1,0,0,0,5,2,1,55,11,4,3,6,2,2,62,0,231,25,1,35,0,4,9,22,57,5,0,0,0,0,0,0,10,1,0,0,0,161,0,0,0,0,0,0,0,0,0,0,0,0,0,0,0,0,0,0,0,0,0,194,0,14,23,0,0,0,0,0,0,0
3-<24mo,1/1/2012,222,1519,13707712.34,130,1,0,98,2,1,0,0,3,0,9,0,11,5,3,16,3,3,0,0,0,43,0,3,1,4,6,11,2,3,2,0,3,1,1,55,0,0,35,2,23,5,0,0,1,5,0,6,3,19,49,0,0,0,0,0,0,0,0,0,0,0,0,1,0,0,0,0,1,1,4,62,9,4,0,0,3,223,20,1,22,25,14,1,4,28,0,8,2,2,3,21,6,14,5,2,7,0,0,0,0,0,0,1,0,1,0,1,1,0,3,4,9,0,1,7,0,0,0,0,0,0,6,1,0,48,13,3,0,5,1,2,72,0,228,16,3,31,0,4,15,14,46,13,1,0,0,0,0,0,11,0,0,0,1,124,0,0,0,0,0,0,0,0,0,0,0,0,0,0,0,0,0,0,0,0,0,201,0,13,13,0,0,0,0,0,0,0
3-<24mo,4/1/2012,318,1815,13602417.7,125,5,0,111,2,0,0,0,1,2,2,0,17,4,1,12,1,0,0,0,3,59,0,2,6,0,9,16,9,2,7,2,5,0,1,57,0,0,33,0,42,11,0,0,2,16,2,9,0,44,58,0,0,0,0,0,0,0,0,0,0,0,0,1,0,0,0,1,4,0,9,50,6,0,3,0,3,321,56,1,23,26,13,4,7,32,1,8,2,5,7,14,2,12,2,3,6,0,0,0,2,0,0,0,1,1,0,2,0,0,6,4,5,0,2,7,0,0,0,0,0,0,5,3,0,71,26,2,1,13,0,3,81,0,274,40,2,41,0,7,20,26,88,19,0,0,0,0,0,0,7,0,0,0,0,159,0,0,0,0,0,0,0,0,0,0,0,0,0,0,0,0,0,0,0,0,0,188,0,15,25,0,0,0,0,0,0,0
3-<24mo,7/1/2012,275,1796,13496538.95,115,5,0,103,3,0,0,0,3,3,11,1,12,8,1,11,2,0,0,0,2,73,0,1,0,2,9,12,8,6,6,5,5,1,3,61,0,0,27,0,35,5,1,1,0,16,1,8,1,22,54,0,0,0,0,0,0,0,0,0,0,0,0,2,0,0,0,0,1,2,8,61,9,0,1,2,5,286,39,2,24,25,10,2,2,32,0,9,2,4,6,17,7,16,2,3,5,0,0,0,0,0,0,0,2,0,0,3,0,0,2,3,11,0,1,4,0,0,1,0,0,0,11,5,1,48,23,2,1,8,1,2,89,0,253,16,3,39,0,6,21,27,76,18,0,0,0,0,0,0,3,0,0,0,0,165,0,0,0,0,0,0,0,0,0,0,0,0,0,0,0,0,0,0,0,0,0,254,0,14,16,0,0,0,0,0,0,0
3-<24mo,10/1/2012,206,1551,13390139.85,104,2,0,119,1,0,0,0,5,0,21,1,8,1,0,9,3,0,0,0,5,64,0,1,3,0,7,10,10,2,6,1,1,0,2,41,0,0,37,4,26,6,1,0,0,12,3,9,0,19,32,0,0,0,0,0,0,0,0,0,0,0,0,3,0,0,0,0,2,2,7,59,12,0,0,0,5,208,27,3,16,25,13,2,7,26,0,8,2,4,2,15,3,9,0,5,4,0,0,0,0,0,0,1,1,0,0,1,0,0,2,0,4,0,2,6,1,0,0,0,0,0,6,1,0,60,14,1,3,9,0,0,66,0,212,22,0,38,0,4,20,20,57,16,0,0,0,0,0,0,10,0,0,0,0,150,0,0,0,0,0,0,0,0,0,0,0,0,0,0,0,0,0,0,0,0,0,218,0,15,21,0,0,0,0,0,0,0
3-<24mo,1/1/2013,267,1576,13283284.14,133,3,0,113,0,0,0,0,3,7,5,3,5,5,2,12,1,1,0,0,1,68,0,2,1,0,5,9,6,7,1,2,5,1,3,50,0,0,32,3,19,5,0,0,0,8,0,6,3,20,39,0,0,0,0,0,0,0,0,0,0,0,0,2,0,0,2,0,1,1,5,56,2,0,1,0,3,272,24,0,14,26,7,4,5,29,0,6,0,2,7,20,4,6,1,5,4,0,0,0,1,0,0,1,1,1,0,0,0,0,3,2,3,0,0,11,0,0,0,0,0,0,11,1,0,56,17,1,1,10,0,2,61,0,231,32,2,39,0,5,11,21,44,10,1,0,1,0,0,0,10,0,0,0,0,136,0,0,0,0,0,0,0,0,0,0,0,0,0,0,0,0,0,0,0,0,0,216,0,17,29,0,0,0,0,0,0,0
3-<24mo,4/1/2013,346,1880,13176035.59,119,4,1,103,4,1,0,0,5,5,7,3,15,5,1,18,2,1,0,0,1,44,0,0,1,3,7,10,6,12,1,0,2,1,5,55,1,0,39,0,25,10,2,2,0,9,2,10,8,24,58,0,0,0,0,0,0,0,0,0,0,0,0,3,0,0,0,1,2,3,5,63,9,0,2,1,7,358,51,1,16,35,11,7,8,40,0,10,1,4,2,21,1,10,1,3,2,0,0,0,2,0,0,0,0,0,0,0,0,0,0,2,13,0,2,6,0,0,0,0,0,0,19,2,3,72,16,1,2,11,2,3,80,0,289,29,4,45,0,8,20,28,81,24,0,0,1,0,0,0,7,0,0,0,0,197,0,0,0,0,0,0,0,0,0,0,0,0,0,0,0,0,0,0,0,0,0,201,0,17,40,0,0,0,0,0,0,0
3-<24mo,7/1/2013,233,1732,13068457.93,123,2,0,130,1,0,0,0,4,3,8,2,17,3,3,22,5,0,0,0,1,48,0,3,4,0,10,15,8,2,3,0,7,0,3,61,0,1,34,0,32,9,0,1,0,11,1,9,4,27,53,0,0,0,0,0,0,0,0,0,0,0,0,2,0,0,0,0,0,0,7,62,8,1,2,0,3,239,30,1,13,28,11,2,6,33,0,7,1,3,5,17,4,17,1,2,7,0,0,0,0,0,0,2,1,0,0,1,0,0,3,0,8,0,0,10,0,0,1,0,0,0,13,3,2,57,26,4,0,12,0,5,70,0,223,20,1,42,0,3,13,27,57,10,4,0,0,0,0,0,6,0,0,0,0,166,0,0,0,0,0,0,0,0,0,0,0,0,0,0,0,0,0,0,0,0,0,213,0,26,39,0,0,0,0,0,0,0
3-<24mo,10/1/2013,213,1686,12960614.92,83,5,0,104,3,1,0,0,5,3,20,0,9,2,1,13,2,0,0,0,2,59,0,2,3,0,9,9,10,4,4,1,3,0,2,48,0,0,47,0,28,5,0,0,1,19,1,13,6,15,44,0,0,0,0,0,0,0,0,0,0,0,0,1,0,0,0,0,3,5,3,48,5,0,1,0,6,215,21,5,22,24,4,1,3,23,0,7,1,3,6,13,2,14,3,3,3,0,0,0,0,0,0,0,0,1,0,0,0,0,3,5,9,0,0,16,0,0,0,0,0,0,17,4,0,55,15,2,1,10,1,6,61,0,238,22,1,40,0,4,17,18,63,15,0,0,1,0,0,0,5,0,0,0,0,200,0,0,0,0,0,0,0,0,0,0,0,0,0,0,0,0,0,0,0,0,0,218,0,17,41,0,0,0,0,0,0,0
3-<24mo,1/1/2014,192,1594,12852570.31,146,5,0,100,0,0,0,0,3,2,4,1,11,5,2,10,3,1,0,0,0,44,0,2,5,3,13,8,12,8,3,0,2,0,4,53,1,0,45,0,25,4,0,4,0,12,1,8,3,14,68,0,0,0,0,0,0,0,0,0,0,1,0,1,0,0,0,0,1,0,5,58,7,1,1,0,7,193,8,2,15,21,9,4,4,26,0,6,2,3,2,19,6,25,1,3,3,1,0,0,0,0,0,1,0,1,0,0,0,0,2,0,10,0,0,6,0,0,0,0,0,0,12,1,0,46,22,5,3,11,0,5,56,0,229,20,2,36,0,4,12,20,57,11,0,0,0,0,0,0,7,0,0,0,0,106,0,0,0,0,0,0,0,0,0,0,0,0,0,0,0,0,0,0,0,0,0,209,0,21,17,0,0,0,0,0,0,0
3-<24mo,4/1/2014,321,1694,12744387.85,92,4,0,87,1,0,0,0,4,4,4,2,4,6,5,9,0,0,0,0,2,54,0,4,2,1,12,14,11,3,5,1,2,2,1,63,1,0,27,1,43,7,0,0,0,14,1,5,6,25,60,0,0,0,0,0,0,0,0,0,0,0,0,1,0,0,0,0,0,1,12,55,11,0,0,0,8,325,45,5,24,26,14,4,7,38,0,10,1,2,1,11,5,14,3,1,1,0,1,0,1,0,0,0,1,0,0,0,0,0,2,3,6,0,1,8,1,0,1,0,0,0,12,3,0,64,15,1,1,16,0,7,83,0,277,24,2,49,0,5,19,19,74,17,1,0,0,0,0,0,8,0,0,0,0,120,0,0,0,0,0,0,0,0,0,0,0,0,0,0,0,0,0,0,0,0,0,209,0,20,22,0,0,0,0,0,0,0
3-<24mo,7/1/2014,286,1664,12636131.3,99,10,0,106,1,0,0,0,4,2,7,0,7,5,2,9,1,0,0,0,0,52,0,1,3,0,8,11,5,5,3,0,3,4,3,56,0,0,40,0,32,6,1,0,0,22,1,8,6,25,52,0,0,0,0,0,0,0,0,0,0,0,0,1,0,0,0,1,1,1,8,55,8,0,3,0,2,291,31,5,15,25,10,0,6,26,0,7,0,1,3,15,3,23,2,6,4,0,0,0,0,0,0,0,0,1,1,1,0,0,3,0,6,0,1,8,0,0,0,0,0,0,9,1,0,57,19,2,1,5,0,10,84,0,262,23,2,34,1,3,19,30,71,15,1,0,0,0,0,0,3,0,0,0,0,133,0,0,0,0,0,0,0,0,0,0,0,0,0,0,0,0,0,0,0,0,0,203,0,20,21,0,0,0,0,0,0,0
3-<24mo,10/1/2014,218,1645,12527864.4,82,1,0,96,2,0,0,0,4,3,15,1,4,2,1,18,2,0,0,0,3,49,0,2,4,2,14,4,6,4,5,0,4,0,0,46,0,0,36,1,26,5,0,1,0,18,1,9,1,16,53,0,0,0,0,0,0,0,0,0,0,0,0,4,0,0,0,0,2,0,10,55,14,0,2,1,4,222,26,1,15,21,7,2,4,24,0,11,2,2,6,9,5,11,2,5,6,0,0,0,0,0,0,0,0,0,0,4,1,0,5,2,7,0,0,11,0,0,0,0,0,0,15,1,2,66,15,3,0,7,0,6,73,0,236,32,2,46,0,1,22,28,83,10,0,0,0,0,1,0,6,0,0,0,0,138,0,0,0,0,0,0,0,0,0,0,0,0,0,0,0,0,0,0,0,0,0,208,0,19,25,0,0,0,0,0,0,0
3-<60mo,1/1/2004,533,4076,45380416.59,684,9,0,336,1,0,0,0,8,0,7,10,25,1,5,29,10,1,1,0,0,191,0,2,4,13,18,43,13,2,6,1,5,2,4,293,2,0,39,2,92,9,0,2,0,15,1,8,7,37,79,0,0,0,0,0,0,0,0,0,0,0,0,3,0,0,1,0,2,4,11,80,11,0,0,0,7,537,37,4,41,30,16,7,12,124,0,14,3,3,11,19,9,25,0,8,12,0,1,0,1,0,0,0,3,1,0,1,1,0,8,6,17,0,2,7,2,0,0,0,0,0,17,8,0,63,21,4,3,9,2,13,78,0,263,13,1,32,0,9,9,33,44,56,0,0,0,0,0,0,12,0,0,0,0,885,0,0,0,0,0,0,0,0,0,0,0,0,0,0,0,0,0,0,0,0,0,526,1,36,72,0,0,0,0,0,0,0
3-<60mo,4/1/2004,691,3863,45227516.47,412,18,0,320,0,0,0,0,12,1,5,10,21,5,5,28,5,2,4,0,1,192,0,1,7,22,15,60,15,5,7,1,7,3,6,315,1,0,40,2,132,11,0,3,1,18,1,10,1,66,102,2,0,0,0,0,0,0,0,0,0,0,0,2,0,0,0,3,10,2,8,86,17,2,4,0,9,694,59,6,70,45,21,1,13,126,1,8,2,2,5,24,5,21,3,9,6,1,0,0,1,0,0,0,0,2,0,1,0,0,2,4,13,0,1,10,0,0,0,0,0,0,25,5,2,64,20,3,0,7,3,11,97,0,327,29,4,39,0,6,15,22,78,56,0,0,0,1,0,0,12,0,0,0,0,770,0,0,0,0,0,0,0,0,0,0,0,0,0,0,0,0,0,0,0,0,0,472,0,17,73,0,0,0,0,0,0,0
3-<60mo,7/1/2004,630,3643,45068341.77,433,10,1,335,2,0,0,0,8,0,16,10,33,2,4,30,9,1,1,0,3,168,0,7,5,9,21,29,4,6,4,1,8,0,4,220,0,0,29,0,110,11,0,1,1,19,3,6,6,58,96,0,0,0,0,0,0,0,0,0,0,0,0,5,0,0,2,0,3,1,7,99,9,2,2,0,7,633,51,8,50,46,19,2,17,137,0,20,0,5,6,23,7,27,4,4,12,1,1,0,1,0,0,0,0,2,0,1,1,0,3,7,18,0,3,7,1,0,0,0,0,0,28,9,0,73,17,4,3,7,0,7,92,0,320,31,3,33,0,4,8,28,69,44,0,1,0,0,1,0,19,0,0,0,0,642,0,0,0,0,0,0,0,0,0,0,0,0,0,0,0,0,0,0,0,0,0,551,0,28,56,0,0,0,0,0,0,0
3-<60mo,10/1/2004,529,3264,44903027.55,390,8,1,295,0,0,0,0,6,1,33,6,23,4,4,22,9,0,0,0,1,168,0,7,6,8,10,24,18,8,5,1,6,2,4,208,0,1,19,1,87,6,0,6,0,23,4,8,4,49,76,0,0,0,0,0,0,0,0,0,0,0,1,6,0,0,0,1,4,1,6,93,10,0,5,0,7,530,29,5,42,34,20,1,13,93,0,11,7,3,9,18,9,23,3,7,3,0,0,0,2,0,0,1,0,2,0,1,1,0,4,3,13,0,2,10,0,0,0,0,0,0,16,7,0,68,22,0,0,10,0,7,74,0,253,24,2,35,0,9,11,18,46,39,1,0,0,0,0,0,17,0,0,0,0,551,0,0,0,0,0,0,0,0,0,0,0,0,0,0,0,0,0,0,0,0,0,513,2,28,64,0,0,0,0,0,0,0
3-<60mo,1/1/2005,465,3320,44731708.86,460,4,0,287,0,0,0,0,2,1,10,4,20,9,1,20,18,0,1,0,3,178,0,3,9,15,15,29,15,5,5,1,5,0,1,211,0,0,30,1,94,11,0,1,0,18,4,7,1,44,93,0,0,0,0,0,0,0,0,0,0,0,0,3,0,0,0,2,3,0,7,97,14,2,3,0,7,469,34,2,50,27,19,5,11,87,0,12,4,5,10,30,7,21,5,6,5,1,0,0,2,0,0,0,0,0,0,0,1,0,11,4,14,0,1,8,0,0,0,0,0,0,22,6,0,43,13,3,2,6,0,9,94,0,274,18,1,37,0,3,17,22,62,43,0,0,0,0,0,0,14,0,0,0,0,498,0,0,0,0,0,0,0,0,0,0,0,0,0,0,0,0,0,0,0,0,0,498,1,36,58,0,0,0,0,0,0,0
3-<60mo,4/1/2005,645,3770,44554520.76,518,5,0,344,1,0,1,0,9,1,4,8,29,7,1,35,12,2,0,0,2,170,0,5,13,23,18,50,13,5,2,0,6,0,7,281,3,0,29,0,108,12,0,1,0,17,6,13,5,54,97,0,0,0,0,0,0,0,0,0,0,0,0,8,0,0,1,0,2,0,8,112,27,0,1,0,10,651,53,3,67,39,25,2,14,125,1,12,7,3,7,28,10,25,2,2,5,0,0,0,1,0,0,0,3,2,0,0,1,0,7,3,13,0,0,6,0,0,1,0,0,0,19,6,0,62,18,3,1,4,2,13,110,0,314,34,2,38,0,10,11,20,60,43,2,1,1,0,0,0,20,0,0,0,0,653,0,0,0,0,0,0,0,0,0,0,0,0,0,0,0,0,0,0,0,0,0,467,0,30,60,0,0,0,0,0,0,0
3-<60mo,7/1/2005,615,3532,44371598.32,529,6,0,359,1,0,0,0,12,0,20,8,15,7,2,26,9,3,0,0,0,177,0,6,7,11,15,47,19,7,7,2,6,1,2,231,0,1,33,0,117,6,1,3,0,29,1,10,3,36,80,0,0,0,0,0,0,0,0,0,0,0,0,3,0,0,1,1,2,1,13,87,22,0,1,3,6,617,46,4,60,48,12,3,17,125,0,9,5,4,4,34,4,28,3,7,4,1,0,0,0,0,0,0,0,1,1,1,0,0,8,5,18,0,3,8,0,0,0,0,0,0,14,5,4,64,11,4,0,4,0,11,92,0,274,32,5,41,0,9,10,21,63,48,0,0,0,0,0,0,16,0,0,0,0,536,0,0,0,0,0,0,0,0,0,0,0,0,0,0,0,0,0,0,0,0,0,488,0,37,78,0,0,0,0,0,0,0
3-<60mo,10/1/2005,424,3061,44183076.59,359,5,0,286,0,0,0,0,7,0,23,9,27,4,4,26,9,2,0,0,2,175,0,5,7,11,12,27,12,7,3,1,5,2,1,169,0,1,40,1,93,8,0,1,0,10,1,4,4,35,87,0,0,0,0,0,0,0,0,0,0,0,0,2,0,0,0,3,5,2,11,90,22,0,0,1,11,427,40,4,47,38,12,1,9,104,2,10,7,3,8,13,12,24,3,6,8,0,0,0,0,0,0,0,1,0,0,0,1,0,8,2,12,0,3,3,0,0,0,0,0,0,18,5,0,56,20,1,1,2,1,16,90,0,273,26,2,41,0,5,16,29,55,35,0,0,0,0,2,0,5,0,0,0,0,398,0,0,0,0,0,0,0,0,0,0,0,0,0,0,0,0,0,0,0,0,0,495,1,35,56,0,0,0,0,0,0,0
3-<60mo,1/1/2006,437,3115,43989090.62,442,11,0,205,1,0,0,0,13,1,15,5,21,0,1,33,14,0,0,0,3,171,0,4,11,7,14,36,9,10,5,0,9,0,4,126,3,0,73,3,82,4,1,3,1,22,7,5,8,31,84,0,0,0,0,0,0,0,0,0,0,0,0,2,0,0,1,1,1,3,10,82,12,2,1,0,6,438,16,4,38,25,21,3,8,72,1,10,6,2,7,21,7,24,2,5,9,0,0,0,0,0,0,0,2,1,0,2,0,0,16,2,9,0,2,7,1,0,0,0,0,0,8,5,0,47,18,5,4,9,0,5,87,0,278,20,3,39,1,6,14,33,57,38,0,0,0,0,0,0,25,0,0,0,0,385,0,0,0,0,0,0,0,0,0,0,0,0,0,0,0,0,0,0,0,0,0,486,0,29,36,0,0,0,0,0,0,0
3-<60mo,4/1/2006,695,3534,43789775.47,478,6,0,249,0,0,0,0,10,5,6,7,24,5,6,25,8,3,0,0,2,197,1,1,12,9,13,39,18,1,6,0,10,1,1,168,3,0,70,2,142,10,0,5,2,32,8,6,5,60,122,1,0,0,0,0,0,0,0,0,0,0,0,3,0,0,0,1,3,5,14,109,16,3,8,1,10,703,57,5,75,42,20,21,16,105,0,19,5,1,4,24,6,24,4,9,7,0,0,0,1,0,0,1,1,0,0,0,1,0,10,3,12,1,1,11,0,0,0,0,0,0,9,4,1,94,23,2,7,7,0,8,109,0,334,33,4,61,0,5,14,26,73,37,2,0,0,0,0,0,16,0,0,0,0,412,0,0,0,0,0,0,0,0,0,0,0,0,0,0,0,0,0,0,0,0,0,460,0,37,51,0,0,0,0,0,0,0
3-<60mo,7/1/2006,598,3377,43585266.21,446,6,0,256,1,0,0,0,11,2,39,3,27,6,6,41,6,2,1,0,0,162,0,3,8,11,14,39,11,9,3,1,10,1,4,163,3,0,73,0,131,10,2,0,0,25,7,6,4,45,91,0,0,0,0,0,0,0,0,0,0,0,0,9,0,0,0,2,2,3,10,92,23,1,5,0,10,602,49,5,64,32,28,14,11,75,0,24,1,3,11,30,4,21,5,5,5,3,0,0,0,0,0,1,1,3,0,0,1,0,12,1,12,0,1,11,0,0,0,0,0,0,11,4,0,93,29,3,8,8,3,9,109,0,316,26,2,38,1,6,9,25,65,33,2,0,0,0,0,0,17,0,0,0,0,398,0,0,0,0,0,0,0,0,0,0,0,0,0,0,0,0,0,0,0,0,0,473,0,29,47,0,0,0,0,0,0,0
3-<60mo,10/1/2006,457,2964,43375697.88,329,7,0,231,0,0,0,0,17,6,35,8,30,3,0,31,6,1,0,0,2,160,1,3,3,7,14,34,7,8,10,0,7,1,2,125,1,0,62,1,95,12,0,4,1,31,5,3,5,39,97,0,0,0,0,0,0,0,0,0,0,0,0,4,0,0,0,1,2,1,10,77,12,3,1,0,8,459,22,5,35,26,14,3,7,60,0,12,6,2,7,15,6,25,2,6,9,0,0,0,1,0,0,0,5,0,1,1,0,0,3,5,8,0,0,5,1,0,1,0,0,0,12,6,1,72,26,4,6,9,1,13,124,0,272,23,2,38,1,3,20,27,66,35,3,0,0,0,0,0,22,0,0,0,0,301,0,0,0,0,0,0,0,0,0,0,0,0,0,0,0,0,0,0,0,0,0,446,0,26,54,0,0,0,0,0,0,0
3-<60mo,1/1/2007,413,3033,43161205.55,320,5,0,196,0,0,0,0,14,8,3,7,16,8,3,30,11,2,1,0,2,165,0,4,3,6,22,35,13,7,4,3,9,0,3,138,0,0,66,3,74,14,0,3,1,12,3,8,5,41,69,0,0,0,0,0,0,0,0,0,0,0,1,2,0,0,0,2,0,1,8,97,9,0,4,3,8,417,35,4,48,30,10,6,8,63,0,12,2,7,11,27,6,24,0,4,6,0,0,0,0,0,0,0,1,0,0,0,0,0,9,2,14,0,0,14,0,0,0,0,0,0,16,7,1,72,24,3,5,11,2,12,105,1,290,26,3,43,0,5,19,39,56,33,0,1,0,0,1,0,12,0,0,0,0,314,0,0,0,0,0,0,0,0,0,0,0,0,0,0,0,0,0,0,0,0,0,509,0,41,46,0,0,0,0,0,0,0
3-<60mo,4/1/2007,527,3094,42941924.27,300,6,0,241,0,0,0,0,9,21,14,4,20,4,0,25,13,1,1,0,3,146,1,5,5,14,16,50,16,6,12,1,13,1,3,163,0,0,55,2,104,11,0,2,1,39,5,8,3,54,102,0,0,0,0,0,0,0,0,0,0,0,0,2,0,0,0,0,4,2,18,101,18,0,4,1,7,531,47,4,66,45,18,10,11,73,2,22,4,3,3,24,6,23,6,4,10,0,0,0,1,0,0,0,1,4,0,0,0,0,8,4,13,0,2,10,0,0,0,0,0,0,12,4,0,90,30,4,1,13,1,4,123,0,312,25,2,25,1,4,11,24,70,39,0,1,1,0,1,0,19,0,0,0,0,290,0,0,0,0,0,0,0,0,0,0,0,0,0,0,0,0,0,0,0,0,0,440,0,35,50,0,0,0,0,0,0,0
3-<60mo,7/1/2007,465,2909,42717989.1,249,6,1,174,0,0,0,0,8,6,36,7,25,6,3,36,9,1,0,0,2,162,0,1,9,9,17,24,12,2,4,1,6,4,3,126,0,0,54,3,101,7,0,8,1,24,4,10,7,55,87,1,0,0,0,0,0,0,0,0,0,0,0,2,0,0,0,1,2,1,13,85,20,3,1,1,8,468,33,6,53,32,19,7,12,52,1,18,6,3,3,24,9,15,4,5,7,0,0,0,0,0,0,0,3,1,0,3,0,0,6,1,13,0,0,5,0,0,0,0,0,0,12,10,0,80,24,5,2,6,2,11,112,0,280,26,4,55,0,7,13,34,63,26,0,0,0,0,0,0,17,0,0,0,0,307,0,0,0,0,0,0,0,0,0,0,0,0,0,0,0,0,0,0,0,0,0,430,0,24,60,0,0,0,0,0,0,0
3-<60mo,10/1/2007,423,2893,42489535.1,301,7,0,215,0,0,0,1,6,5,64,4,13,9,4,22,4,0,2,0,3,168,0,1,7,6,17,25,15,4,9,1,8,0,2,92,2,1,62,1,97,9,0,2,0,22,8,7,5,40,75,1,0,0,0,0,0,0,0,0,0,0,0,2,0,0,0,0,5,3,12,80,12,0,2,0,10,426,17,6,31,22,17,10,1,53,1,12,5,0,13,20,2,21,2,5,5,1,0,0,2,0,0,1,1,3,0,2,1,0,9,3,13,0,1,4,0,0,1,0,0,0,10,10,0,74,22,1,2,7,0,7,97,0,277,26,0,51,0,5,13,17,64,31,1,0,0,0,0,0,16,0,0,0,0,292,0,0,0,0,0,0,0,0,0,0,0,0,0,0,0,0,0,0,0,0,0,505,0,21,57,0,0,0,0,0,0,0
3-<60mo,1/1/2008,370,2908,42256697.33,326,6,0,202,1,0,0,0,14,27,5,2,19,7,4,20,4,1,0,0,5,169,0,4,9,12,12,36,15,11,4,2,6,0,4,124,0,0,84,2,78,12,0,2,1,29,5,12,2,46,90,1,0,0,0,0,0,0,0,0,0,1,0,4,0,1,0,1,3,0,8,61,11,1,2,0,8,371,23,7,25,30,19,2,4,51,0,11,8,0,10,21,3,16,7,5,8,0,0,0,0,0,0,0,0,2,0,0,2,0,7,3,17,0,2,14,0,0,0,0,0,0,16,7,0,62,15,3,4,4,4,10,94,0,270,22,3,45,0,9,11,21,39,31,3,0,0,0,0,0,18,0,0,0,0,278,0,0,0,0,0,0,0,0,0,0,0,0,0,0,0,0,0,0,0,0,0,481,0,36,52,0,0,0,0,0,0,0
3-<60mo,4/1/2008,529,3109,42019610.84,316,2,0,220,1,1,0,0,5,36,6,3,25,6,2,26,3,0,0,0,2,160,0,1,4,10,22,38,18,10,4,3,2,0,3,119,2,1,61,3,96,11,0,2,2,25,2,6,9,66,102,1,0,0,0,0,0,0,0,0,0,0,0,3,0,0,0,1,3,4,14,102,9,4,4,0,6,538,48,5,49,31,7,12,6,63,1,21,3,1,4,16,12,23,2,4,9,1,0,0,2,0,0,1,1,2,0,0,0,0,9,4,9,0,3,10,0,0,0,1,0,0,17,5,1,88,25,3,7,7,2,5,110,1,316,24,5,47,1,5,15,43,68,31,3,0,0,0,1,0,20,0,0,0,0,334,0,0,0,0,0,0,0,0,0,0,0,0,0,0,0,0,0,0,0,0,0,439,0,29,46,0,0,0,0,0,0,0
3-<60mo,7/1/2008,408,2768,41778410.69,244,5,0,192,0,0,0,0,9,3,25,4,19,8,4,30,15,4,0,0,1,166,1,4,7,13,23,25,9,6,7,0,4,1,3,97,1,0,52,2,102,16,0,4,0,21,5,16,8,62,91,0,0,0,0,0,0,0,0,0,0,0,1,4,0,0,1,3,6,2,17,67,18,3,3,1,11,410,37,2,35,44,24,7,9,62,1,21,2,3,5,23,5,17,4,7,4,1,1,0,0,0,0,0,0,2,0,0,2,0,7,6,10,0,0,7,0,0,0,0,0,0,11,8,2,78,27,1,1,6,0,6,88,1,289,18,3,27,0,7,15,25,66,28,1,0,1,0,0,0,14,0,0,0,0,262,0,0,0,0,0,0,0,0,0,0,0,0,0,0,0,0,0,0,0,0,0,430,0,31,45,0,0,0,0,0,0,0
3-<60mo,10/1/2008,386,2587,41533231.94,205,7,0,169,0,0,0,0,8,3,38,3,21,2,4,17,9,0,1,0,3,149,0,3,8,4,12,21,8,5,3,0,8,3,1,71,2,0,48,2,69,15,0,6,0,20,4,9,6,46,83,0,0,0,0,0,0,0,0,0,0,0,0,3,0,0,0,0,4,4,12,85,17,2,2,1,10,387,21,3,33,25,16,4,6,50,1,22,3,1,12,21,4,16,5,8,9,1,0,0,1,0,0,1,0,1,0,0,0,0,6,4,8,0,3,6,0,0,0,0,0,0,9,6,0,77,16,2,2,10,1,7,88,0,275,19,7,34,0,4,15,25,60,36,2,0,0,0,0,0,12,0,0,0,0,236,0,0,0,0,0,0,0,0,0,0,0,0,0,0,0,0,0,0,0,0,0,438,0,25,58,0,0,0,0,0,0,0
3-<60mo,1/1/2009,321,2566,41284209.65,261,4,0,197,0,0,0,0,8,14,11,7,20,3,2,21,9,2,1,0,3,168,1,3,4,5,16,17,8,11,2,1,8,0,4,106,1,0,53,0,59,9,0,2,0,17,6,3,3,39,81,0,0,0,0,0,0,0,0,0,0,0,0,0,0,1,0,1,2,2,13,61,12,1,5,0,6,324,24,4,31,27,20,4,11,45,0,14,2,2,11,19,10,20,4,2,11,0,0,0,1,0,0,1,1,3,0,1,0,0,4,4,12,0,0,11,1,0,0,0,0,0,14,10,0,59,17,4,5,11,2,10,85,0,239,19,5,26,0,2,12,26,47,18,2,0,0,0,0,0,12,0,0,0,0,245,0,0,0,0,0,0,0,0,0,0,0,0,0,0,0,0,0,0,0,0,0,443,0,31,53,0,0,0,0,0,0,0
3-<60mo,4/1/2009,498,2855,41031478.87,201,5,1,197,1,0,0,0,9,9,7,4,8,2,6,26,10,3,0,0,0,149,1,4,11,6,13,35,14,15,2,1,4,1,4,110,3,0,53,4,96,10,0,1,0,28,4,7,4,63,92,1,0,0,0,0,0,0,0,0,0,0,0,4,0,0,0,3,6,3,12,82,16,4,2,1,11,500,52,8,53,31,24,12,17,47,0,19,3,3,7,23,3,27,7,6,3,1,0,0,0,0,0,0,0,2,1,0,1,0,5,3,12,0,0,17,0,0,0,0,0,0,23,6,1,79,22,6,1,11,4,14,127,0,327,29,2,34,0,6,10,35,86,40,0,0,0,0,1,0,16,0,0,0,0,251,0,0,0,0,0,0,0,0,0,0,0,0,0,0,0,0,0,0,0,0,0,426,0,30,59,0,0,0,0,0,0,0
3-<60mo,7/1/2009,461,2765,40775174.66,191,2,0,183,0,0,0,0,8,4,20,0,15,3,7,22,14,0,0,0,1,168,0,2,11,2,9,28,20,13,5,2,4,2,4,101,1,1,43,5,84,8,0,1,2,15,9,7,6,61,104,1,0,0,0,0,0,0,0,0,0,0,0,4,0,0,0,1,4,1,15,74,10,0,1,0,7,548,50,3,41,32,24,7,8,51,0,11,2,6,8,31,10,21,1,6,6,0,0,0,3,0,0,1,2,0,0,2,4,0,5,4,14,0,1,9,0,0,0,0,0,0,12,7,2,91,24,3,6,9,3,11,114,0,287,32,1,35,0,4,18,33,66,29,2,1,0,0,1,0,24,0,0,0,0,251,0,0,0,0,0,0,0,0,0,0,0,0,0,0,0,0,0,0,0,0,0,433,0,41,43,0,0,0,0,0,0,0
3-<60mo,10/1/2009,346,2666,40515432.08,251,3,0,182,1,0,0,0,6,8,11,1,16,9,3,23,11,3,0,0,1,179,1,3,10,10,14,22,10,14,5,1,5,0,2,77,0,1,48,0,70,9,1,4,1,32,3,8,7,48,84,0,0,0,0,0,0,0,0,0,0,0,0,2,0,0,0,1,4,3,6,73,16,1,1,0,16,370,34,3,32,26,14,5,8,49,0,12,9,3,9,29,2,25,1,1,4,0,0,0,3,0,0,0,0,1,1,2,1,0,5,5,13,0,1,13,0,0,0,0,0,0,11,5,2,50,31,3,1,9,1,6,99,0,253,21,4,47,1,4,18,31,43,31,2,0,0,0,1,0,15,0,0,0,0,229,0,0,0,0,0,0,0,0,0,0,0,0,0,0,0,0,0,0,0,0,0,448,0,43,58,0,0,0,0,0,0,0
3-<60mo,1/1/2010,362,2607,40252386.18,258,5,0,191,0,0,0,0,7,23,5,4,14,6,2,29,6,1,0,0,3,149,0,4,1,5,16,26,9,3,5,2,9,0,3,93,1,2,60,4,62,8,1,5,0,16,3,6,5,48,83,0,0,0,0,0,0,0,0,0,0,1,0,4,0,0,0,2,4,3,11,84,13,3,4,0,7,372,21,2,29,27,14,6,9,51,0,10,2,5,4,28,5,24,5,5,9,0,0,0,1,0,0,2,2,1,0,1,0,0,3,3,14,0,1,12,0,0,0,1,0,0,11,1,1,59,19,3,3,9,3,8,105,0,260,22,1,32,0,6,18,27,52,23,2,0,0,0,0,0,7,0,0,0,0,220,0,0,0,0,0,0,0,0,0,0,0,0,0,0,0,0,0,0,0,0,0,437,0,39,35,0,0,0,0,0,0,0
3-<60mo,4/1/2010,430,2689,39986172.03,154,9,0,178,1,0,0,0,11,12,8,2,18,5,5,23,7,0,0,0,2,177,0,1,11,11,22,32,9,6,3,0,4,1,3,80,0,2,46,3,79,12,2,1,1,27,3,11,7,49,83,0,0,0,0,0,0,0,0,0,0,1,0,4,0,0,0,3,6,0,11,78,15,1,5,1,11,441,47,3,48,30,23,5,7,50,2,21,4,3,6,29,5,21,3,7,7,0,0,0,0,1,0,1,1,0,0,0,0,0,7,4,7,0,1,5,0,0,0,0,0,0,13,5,1,69,18,2,2,11,0,5,108,0,307,23,1,47,0,4,19,31,69,29,3,0,0,0,0,0,10,0,0,0,0,238,0,0,0,0,0,0,0,0,0,0,0,0,0,0,0,0,0,0,0,0,0,457,0,45,44,0,0,0,0,0,0,0
3-<60mo,7/1/2010,362,2532,39716924.68,159,7,1,174,2,0,0,0,10,7,29,0,15,4,6,19,5,0,0,0,2,132,0,4,11,5,14,26,15,8,2,1,5,1,4,96,0,0,51,2,68,6,0,4,0,19,2,17,5,50,82,0,0,0,0,0,0,0,0,0,0,0,0,2,0,0,0,0,3,2,11,64,20,0,6,0,12,367,32,3,36,34,21,8,10,43,1,17,7,5,4,22,2,17,3,5,8,0,0,0,0,0,0,1,2,3,0,1,1,0,8,4,20,0,2,7,0,0,0,0,0,0,9,6,0,68,19,6,2,10,1,4,85,0,260,25,1,41,1,11,15,23,74,29,2,0,0,0,0,0,15,0,0,0,0,245,0,0,0,0,0,0,0,0,0,0,0,0,0,0,0,0,0,0,0,0,0,439,0,26,36,0,0,0,0,0,0,0
3-<60mo,10/1/2010,305,2454,39444779.18,155,6,0,187,0,0,0,0,9,7,71,2,19,6,0,23,12,1,1,0,2,150,0,1,12,2,17,16,16,8,6,2,4,1,2,71,1,0,44,1,62,9,0,0,2,26,2,7,2,48,88,0,0,0,0,0,0,0,0,0,0,0,0,1,0,0,0,1,2,3,12,71,10,2,7,1,5,307,32,3,36,32,13,9,11,43,0,19,4,0,6,25,4,13,4,6,3,0,0,0,0,0,0,0,0,2,0,4,1,0,6,2,11,0,2,11,1,0,0,1,0,0,10,3,0,64,16,2,2,8,0,0,95,0,259,21,2,35,0,2,7,26,64,31,1,1,0,0,1,0,18,0,0,0,0,242,0,0,0,0,0,0,0,0,0,0,0,0,0,0,0,0,0,0,0,0,0,385,0,31,31,0,0,0,0,0,0,0
3-<60mo,1/1/2011,334,2496,39169870.61,159,4,0,171,1,0,0,1,6,19,13,1,11,4,7,23,5,1,0,0,1,167,1,1,9,4,17,33,18,9,6,0,7,1,1,77,1,1,49,1,50,8,2,3,0,30,5,16,6,44,79,1,0,0,0,0,0,0,0,0,0,0,0,4,0,0,0,1,4,2,8,71,14,1,4,1,9,334,24,5,14,27,14,7,8,43,1,10,1,4,1,22,5,23,3,9,8,0,0,0,2,0,0,1,0,0,1,1,1,0,7,5,5,0,0,17,0,0,0,0,0,0,12,1,0,63,21,2,4,4,1,3,95,0,256,22,1,33,0,5,22,28,60,25,0,2,1,0,0,0,9,0,0,0,0,228,0,0,0,0,0,0,0,0,0,0,0,0,0,0,0,0,0,0,0,0,0,433,0,34,35,0,0,0,0,0,0,0
3-<60mo,4/1/2011,472,2556,38892334,120,4,0,147,1,0,0,0,3,24,11,7,12,5,2,29,3,0,0,0,0,166,0,3,5,4,15,28,16,7,8,1,8,0,3,81,1,0,49,4,63,4,0,1,0,26,4,18,9,66,86,0,0,0,0,0,0,0,0,0,0,0,0,4,0,0,0,0,4,1,9,78,16,4,3,1,7,478,63,4,38,27,16,6,11,60,0,10,6,6,6,20,6,14,0,7,13,0,0,0,0,0,0,0,3,1,0,1,1,0,6,4,17,0,0,5,0,0,1,0,0,0,13,1,1,63,19,5,7,9,0,6,109,0,273,25,3,30,0,5,17,34,86,23,1,0,0,0,0,0,11,0,0,0,0,229,0,0,0,0,0,0,0,0,0,0,0,0,0,0,0,0,0,0,0,0,0,427,0,25,39,0,0,0,0,0,0,0
3-<60mo,7/1/2011,319,2302,38612304.43,107,8,0,159,4,0,0,0,6,2,40,2,7,3,5,16,5,1,0,1,0,155,0,3,6,2,15,9,17,6,1,1,4,0,2,44,0,0,41,3,75,11,0,5,0,13,0,11,6,44,62,0,0,0,0,0,0,0,0,0,0,0,1,3,0,0,0,0,1,4,15,85,12,0,1,0,12,322,36,7,29,17,12,9,6,40,0,5,7,2,3,17,5,18,3,4,1,0,0,0,0,0,0,1,2,0,0,0,0,0,1,3,16,0,2,17,1,0,1,0,0,0,7,4,1,59,15,1,3,10,0,4,81,0,301,28,4,45,0,7,5,27,71,18,1,0,0,0,1,0,11,1,0,0,0,225,0,0,0,0,0,0,0,0,0,0,0,0,0,0,0,0,0,0,0,0,0,407,0,29,32,0,0,0,0,0,0,0
3-<60mo,10/1/2011,339,2340,38329916.95,118,4,1,141,0,0,0,0,6,2,50,5,8,7,0,10,5,2,0,0,0,160,0,0,6,1,10,27,10,8,7,0,6,1,0,58,0,0,46,3,44,11,1,2,3,26,4,17,2,43,66,1,0,0,0,0,0,0,0,0,0,0,0,7,0,0,0,1,0,2,5,100,17,3,2,0,2,344,19,7,25,29,16,3,5,37,1,12,5,7,4,24,6,15,3,8,6,0,0,0,1,0,0,0,0,2,1,0,1,0,5,1,8,0,3,11,0,0,1,0,0,0,5,2,1,57,12,4,3,6,2,2,87,0,269,26,1,42,0,5,13,26,73,17,0,0,0,0,0,0,13,1,0,0,0,214,0,0,0,0,0,0,0,0,0,0,0,0,0,0,0,0,0,0,0,0,0,389,0,31,35,0,0,0,0,0,0,0
3-<60mo,1/1/2012,297,2262,38045306.61,149,3,0,141,2,1,0,0,8,2,12,3,15,7,3,22,4,4,1,0,2,166,0,3,5,4,11,16,8,5,4,0,5,2,1,64,0,0,46,2,36,8,0,0,1,11,0,11,5,41,78,0,0,0,0,0,0,0,0,0,0,0,0,1,0,0,0,1,3,1,8,74,18,4,1,0,6,299,21,1,30,29,20,5,8,35,0,10,7,4,3,27,9,17,5,4,10,0,0,0,0,0,0,1,1,3,0,1,1,0,3,5,16,0,1,10,0,0,0,0,0,0,6,1,0,52,14,4,0,5,1,2,88,0,258,17,3,35,0,5,16,19,54,20,1,0,0,0,0,0,16,0,0,0,1,167,0,0,0,0,0,0,0,0,0,0,0,0,0,0,0,0,0,0,0,0,0,419,0,31,34,0,0,0,0,0,0,0
3-<60mo,4/1/2012,414,2521,37758608.48,147,9,0,153,2,0,0,0,3,4,9,1,21,4,1,18,5,1,0,0,3,172,0,4,9,0,18,22,13,3,7,2,6,0,1,63,0,0,46,1,61,19,0,1,3,30,3,16,4,71,81,0,0,0,0,0,0,0,0,0,0,0,0,1,0,0,0,2,6,2,11,71,10,0,5,0,5,421,61,4,30,32,16,6,13,44,2,9,7,7,10,16,3,20,2,4,7,0,0,0,2,0,0,0,1,1,0,2,0,0,10,7,5,0,3,9,0,0,0,0,0,0,5,3,0,73,27,2,1,13,0,3,106,0,301,41,3,48,0,8,22,26,101,28,0,0,0,0,0,0,8,0,0,0,0,202,0,0,0,0,0,0,0,0,0,0,0,0,0,0,0,0,0,0,0,0,0,360,0,26,43,0,0,0,0,0,0,0
3-<60mo,7/1/2012,386,2490,37469957.6,130,5,0,144,4,0,0,0,5,5,22,2,18,8,3,14,5,0,0,0,2,171,0,1,4,2,16,18,9,10,6,5,9,1,5,73,0,0,37,0,47,6,1,1,0,30,2,14,2,47,70,0,0,0,0,0,0,0,0,0,0,0,0,4,0,0,0,0,2,2,8,80,13,0,3,2,5,400,43,3,36,28,14,4,4,45,0,10,8,4,6,24,8,20,2,3,6,0,0,0,0,0,0,0,3,0,0,4,1,0,5,3,19,0,2,6,0,0,1,0,0,0,11,5,1,53,23,2,1,8,1,3,113,0,281,18,3,45,0,8,26,32,90,25,1,0,0,0,0,0,5,0,0,0,0,208,0,0,0,0,0,0,0,0,0,0,0,0,0,0,0,0,0,0,0,0,0,444,0,28,38,0,0,0,0,0,0,0
3-<60mo,10/1/2012,297,2282,37179489.05,125,4,0,153,1,0,0,0,12,2,41,3,10,2,2,12,5,0,0,0,6,180,0,4,8,0,16,12,17,4,6,2,2,0,3,50,0,0,44,4,37,6,1,0,0,25,3,12,2,40,59,0,0,0,0,0,0,0,0,0,0,0,0,4,0,0,0,0,2,4,9,68,16,0,1,0,8,299,30,5,23,30,17,5,9,37,0,9,8,5,2,23,6,12,1,6,5,0,0,0,0,0,0,1,3,0,0,1,1,0,3,1,8,0,2,8,1,0,0,0,0,0,6,1,0,62,14,1,3,9,0,0,81,0,239,24,1,43,0,4,22,24,61,18,0,1,0,0,0,0,16,0,0,0,0,214,0,0,0,0,0,0,0,0,0,0,0,0,0,0,0,0,0,0,0,0,0,432,0,27,36,0,0,0,0,0,0,0
3-<60mo,1/1/2013,325,2245,36887337.87,153,3,0,144,0,0,0,0,4,11,10,3,8,5,2,16,4,2,1,0,2,165,0,2,3,0,10,16,9,10,1,2,9,1,4,59,0,1,48,5,25,8,0,0,0,14,1,15,3,38,67,0,0,0,0,0,0,0,0,0,0,0,0,2,0,0,2,1,1,2,7,73,13,2,1,0,6,331,26,2,22,30,10,5,6,46,0,7,3,3,8,26,6,11,1,8,5,0,0,0,1,0,0,1,2,2,0,0,1,0,8,2,7,0,1,13,0,0,0,0,0,0,11,1,0,60,17,1,1,10,0,2,75,0,256,33,3,44,0,5,12,24,50,17,1,0,1,0,0,0,14,0,0,0,0,175,0,0,0,0,0,0,0,0,0,0,0,0,0,0,0,0,0,0,0,0,0,414,0,31,44,0,0,0,0,0,0,0
3-<60mo,4/1/2013,464,2570,36593639.13,133,4,1,143,4,1,0,0,7,11,10,4,18,5,1,23,7,1,0,0,1,170,0,0,1,3,16,16,14,13,2,1,5,1,5,63,1,0,53,2,43,12,2,2,1,23,2,16,12,44,91,0,0,0,0,0,0,0,0,0,0,0,0,4,0,0,0,1,3,5,5,82,13,2,3,1,11,483,54,2,32,39,16,8,9,52,0,10,7,5,3,25,2,23,3,3,4,0,0,0,3,0,0,0,0,1,0,2,0,0,0,2,18,0,2,7,0,0,0,0,0,0,19,2,3,79,16,1,2,11,2,3,106,0,332,34,4,48,0,8,23,33,88,27,1,0,1,0,0,0,13,0,0,0,0,231,0,0,0,0,0,0,0,0,0,0,0,0,0,0,0,0,0,0,0,0,0,347,0,31,57,0,0,0,0,0,0,0
3-<60mo,7/1/2013,316,2503,36298527.87,147,3,0,171,1,0,0,1,9,4,20,4,19,3,3,27,7,0,0,0,2,161,0,3,8,0,14,18,15,7,6,0,8,0,3,73,0,2,54,2,44,12,0,1,0,29,3,20,5,57,83,0,0,0,0,0,0,0,0,0,0,0,0,4,0,0,0,0,1,1,9,82,24,2,3,0,4,326,31,3,23,32,13,4,7,44,0,7,5,3,7,18,5,20,2,2,7,0,0,0,0,0,0,2,2,0,0,1,0,0,5,0,13,0,0,13,1,0,2,0,0,0,13,3,2,60,29,4,0,12,0,5,89,0,265,23,1,46,0,5,14,34,65,15,4,0,0,0,0,0,15,0,0,0,0,210,0,0,0,0,0,0,0,0,0,0,0,0,0,0,0,0,0,0,0,0,0,389,0,44,68,0,0,0,0,0,0,0
3-<60mo,10/1/2013,286,2394,36002139.17,99,5,0,136,3,1,0,0,10,4,47,0,14,2,2,15,4,0,0,0,2,160,0,3,5,2,11,13,14,6,5,1,5,0,2,57,1,0,60,0,40,12,0,1,1,27,1,19,11,33,72,0,0,0,0,0,0,0,0,0,0,0,0,2,0,0,0,0,4,5,4,63,12,0,2,0,6,288,23,6,29,24,8,1,5,28,0,9,3,3,6,19,4,19,4,3,3,0,0,0,1,0,0,0,0,1,0,1,0,0,4,8,13,0,0,18,0,0,1,0,0,0,17,4,0,55,16,2,1,10,1,6,80,0,270,24,1,50,0,5,19,21,72,21,0,0,1,0,0,0,5,0,0,0,0,258,0,0,0,0,0,0,0,0,0,0,0,0,0,0,0,0,0,0,0,0,0,410,0,28,69,0,0,0,0,0,0,0
3-<60mo,1/1/2014,252,2298,35704608.07,164,7,0,130,0,1,0,0,4,4,7,2,14,6,2,13,5,1,0,0,0,141,0,2,7,4,23,13,18,13,4,0,5,0,6,65,1,0,56,1,32,4,0,4,0,27,2,16,5,33,94,0,0,0,0,0,0,0,0,0,0,1,0,3,0,0,0,0,3,0,8,82,13,1,2,0,7,253,9,5,21,26,12,5,5,32,0,9,6,4,2,24,7,30,2,9,4,1,0,0,0,0,0,1,1,2,0,1,1,0,10,2,15,0,0,9,0,0,0,0,0,0,12,1,0,47,22,5,3,11,0,5,80,0,262,22,2,41,0,6,14,25,64,13,0,1,0,0,0,0,8,0,0,0,0,141,0,0,0,0,0,0,0,0,0,0,0,0,0,0,0,0,0,0,0,0,0,406,0,38,33,0,0,0,0,0,0,0
3-<60mo,4/1/2014,418,2406,35406069.64,111,5,1,116,1,0,0,0,8,12,10,2,5,7,6,12,2,0,0,0,2,152,0,5,6,1,23,22,15,5,6,2,2,3,2,72,1,1,40,1,65,10,0,1,0,32,1,11,8,54,86,0,0,0,0,0,0,0,0,0,0,0,0,5,0,0,1,1,1,2,16,69,19,0,1,0,9,424,48,7,36,32,16,6,8,45,0,10,6,2,2,14,7,21,3,1,1,0,1,0,2,0,0,0,2,2,0,0,0,0,4,3,8,0,2,9,1,0,1,0,0,0,12,3,0,68,15,1,1,16,0,7,115,0,308,26,2,53,0,5,23,28,90,22,1,0,0,0,0,0,12,0,0,0,0,167,0,0,0,0,0,0,0,0,0,0,0,0,0,0,0,0,0,0,0,0,0,381,0,38,36,0,0,0,0,0,0,0
3-<60mo,7/1/2014,376,2350,35106658.92,121,11,0,138,1,0,0,0,5,3,22,6,9,7,2,13,1,0,0,0,2,163,0,1,4,1,15,21,10,7,3,1,4,4,4,61,0,0,51,1,45,8,1,2,1,32,2,11,6,51,86,0,0,0,0,0,0,0,0,0,0,0,0,2,0,0,0,1,2,1,9,75,18,0,6,0,3,386,32,7,25,30,17,2,7,39,0,8,2,1,4,20,4,29,2,6,5,0,0,0,1,0,0,0,0,1,1,2,0,0,8,2,12,0,1,11,0,0,0,0,0,0,9,1,0,58,19,3,1,5,0,10,108,0,296,25,3,38,1,3,20,37,81,22,2,0,0,0,0,0,5,0,0,0,0,175,0,0,0,0,0,0,0,0,0,0,0,0,0,0,0,0,0,0,0,0,0,360,0,35,33,0,0,0,0,0,0,0
3-<60mo,10/1/2014,290,2326,34806510.99,95,2,0,138,2,0,0,0,6,5,29,2,7,2,1,21,4,0,0,0,4,158,0,3,5,2,23,13,9,7,6,1,9,1,1,55,0,0,51,3,39,5,0,2,0,30,1,14,1,40,80,1,0,0,0,0,0,0,0,0,0,0,0,4,0,0,0,2,2,0,11,67,20,0,4,1,4,294,26,3,23,24,10,4,6,36,0,12,5,2,6,17,5,12,2,5,9,0,0,0,1,0,0,0,0,0,0,4,1,0,8,2,12,0,0,13,0,0,0,0,0,0,15,1,2,69,16,4,0,7,0,6,90,0,271,34,2,49,0,1,24,35,87,11,1,0,0,0,1,0,9,0,0,0,0,178,0,0,0,0,0,0,0,0,0,0,0,0,0,0,0,0,0,0,0,0,0,402,0,39,36,0,0,0,0,0,0,0
